source_year,source_row,slug,name,organizer_key,venue_key,starts_on,surface,genders,team_sizes,divisions,entry_fee_cents,fee_basis,event_page_url,payout_text,registration_deadline,check_in_time,start_time,director,director_contact,raw_format
2022,2,ultra-instinct-2022-03-12,Ultra Instinct,ultrainstinct,cityonly|knoxville|TN,2022-03-12,,coed,2,,,,,,,,,,,Coed 2s
2022,3,chucktown-volleyball-2022-03-26,Chucktown Volleyball,chucktownvolleyball,cityonly|charleston|SC,2022-03-26,,mens|womens,2,,,,,,,,,,,M/W 2s
2022,4,chucktown-volleyball-2022-03-27,Chucktown Volleyball,chucktownvolleyball,cityonly|charleston|SC,2022-03-27,,reverse_coed,2,,,,,,,,,,,Rev Coed 2s
2022,5,inoor-turf-2022-04-02,Inoor Turf,inoorturf,cityonly|westdundee|IL,2022-04-02,,mens,4,,,,,,,,,,,Mens 4s
2022,6,g-vegas-volleyball-2022-04-02,G-Vegas Volleyball,gvegasvolleyball,cityonly|greenville|SC,2022-04-02,,coed,2,,,,,,,,,,,Coed 2s
2022,7,g-vegas-volleyball-2022-04-03,G-Vegas Volleyball,gvegasvolleyball,cityonly|greenville|SC,2022-04-03,,mens,3,,,,,,,,,,,Mens 3s
2022,8,ssova-sand-key-volleyball-2022-04-23,SSOVA Sand Key Volleyball,ssovasandkeyvolleyball,cityonly|clearwater|FL,2022-04-23,,coed|mens,2|4,,,,,,,,,,,Sand Coed/Mens 2s & 4s
2022,9,angry-dragon-2022-04-23,Angry Dragon,angrydragon,cityonly|atlanta|GA,2022-04-23,,mens,3,,,,,,,,,,,Mens 3s
2022,10,chucktown-volleyball-2022-04-23,Chucktown Volleyball,chucktownvolleyball,cityonly|charleston|SC,2022-04-23,,coed,2,,,,,,,,,,,Coed 2s
2022,11,chucktown-volleyball-2022-04-24,Chucktown Volleyball,chucktownvolleyball,cityonly|charleston|SC,2022-04-24,,coed,2,,,,,,,,,,,Coed 2s
2022,12,fudpuckers-2022-04-27,Fudpuckers,fudpuckers,cityonly|destin|FL,2022-04-27,,coed|mens,2|4,,,,,,,,,,,Sand Coed/Mens 2s & 4s
2022,13,the-clash-2022-04-30,The Clash,clash,cityonly|lexington|SC,2022-04-30,,coed,2,,,,,,,,,,,Coed 2s
2022,14,the-clash-2022-05-01,The Clash,clash,cityonly|lexington|SC,2022-05-01,,mens,3,,,,,,,,,,,AVP Mens 3s
2022,15,kcbva-2022-05-07,KCBVA,kcbva,cityonly|kansascity|MO,2022-05-07,,coed,2,,,,,,,,,,,Sand Coed 2s
2022,16,a-town-2022-05-07,A-Town,atown,cityonly|anderson|SC,2022-05-07,,coed,2,,,,,,,,,,,Coed 2s
2022,17,a-town-2022-05-08,A-Town,atown,cityonly|anderson|SC,2022-05-08,,mens,3,,,,,,,,,,,Mens 3s
2022,18,spring-grass-luau-2022-05-14,Spring Grass Luau,springgrassluau,cityonly|chicago|IL,2022-05-14,,mens,3,,,,,,,,,,,Mens 3s
2022,19,pass-it-on-2022-05-14,Pass it on,passiton,cityonly|greenville|SC,2022-05-14,,mens,3,,,,,,,,,,,Mens 3s
2022,20,chucktown-volleyball-2022-05-14,Chucktown Volleyball,chucktownvolleyball,cityonly|charleston|SC,2022-05-14,,mens|womens,2,,,,,,,,,,,M/W 2s
2022,21,chucktown-volleyball-2022-05-15,Chucktown Volleyball,chucktownvolleyball,cityonly|charleston|SC,2022-05-15,,reverse_coed,2,,,,,,,,,,,Rev Coed 2s
2022,22,angry-dragon-2022-05-21,Angry Dragon,angrydragon,cityonly|atlanta|GA,2022-05-21,,reverse_coed,2,,,,,,,,,,,Rev Coed 2s
2022,23,soda-city-classic-2022-05-21,Soda City Classic,sodacityclassic,cityonly|columbia|SC,2022-05-21,,mens,3,,,,,,,,,,,Mens 3s
2022,24,big-z-at-turtle-tap-2022-05-21,Big Z at Turtle Tap,bigzatturtletap,cityonly|beloit|WI,2022-05-21,,mens,3,,,,,,,,,,,Mens 3s
2022,25,big-z-at-turtle-tap-2022-05-22,Big Z at Turtle Tap,bigzatturtletap,cityonly|beloit|WI,2022-05-22,,coed,4,,,,,,,,,,,Coed 4s
2022,26,memorial-day-grass-tourney-2022-05-28,Memorial Day Grass Tourney,memorialdaygrasstourney,cityonly|beloit|WI,2022-05-28,,mens,3,,,,,,,,,,,Mens 3s
2022,27,frienemies-2022-05-29,Frienemies,frienemies,cityonly|charlotte|NC,2022-05-29,,coed,2,,,,,,,,,,,Coed 2s
2022,28,frienemies-2022-05-30,Frienemies,frienemies,cityonly|charlotte|NC,2022-05-30,,coed,2,,,,,,,,,,,Coed 2s
2022,29,orange-county-crown-2022-06-04,Orange County Crown,orangecountycrown,cityonly|huntingtonbeach|CA,2022-06-04,,mens,3,,,,,,,,,,,Mens 3s
2022,30,grasshopper-grass-tourney-2022-06-04,Grasshopper Grass Tourney,grasshoppergrasstourney,cityonly|chicago|IL,2022-06-04,,mens,3,,,,,,,,,,,Mens 3s
2022,31,g-vegas-volleyball-2022-06-04,G-Vegas Volleyball,gvegasvolleyball,cityonly|greenville|SC,2022-06-04,,coed,2,,,,,,,,,,,Coed 2s
2022,32,g-vegas-volleyball-2022-06-05,G-Vegas Volleyball,gvegasvolleyball,cityonly|greenville|SC,2022-06-05,,mens,3,,,,,,,,,,,Mens 3s
2022,33,players-beach-series-1-2022-06-11,Players Beach Series #1,playersbeachseries,cityonly|chicago|IL,2022-06-11,,coed|mens|womens,2,,,,,,,,,,,Sand 2s Coed and M/W
2022,34,spring-thaw-2022-06-11,Spring Thaw,springthaw,cityonly|mtloganpark|UT,2022-06-11,,mens|womens,2,,,,,,,,,,,M/W 2s
2022,35,the-raiders-open-2022-06-11,The Raiders Open,raidersopen,cityonly|milwaukee|WI,2022-06-11,,mens,3,,,,,,,,,,,Mens 3s
2022,36,angry-dragon-2022-06-11,Angry Dragon,angrydragon,cityonly|atlanta|GA,2022-06-11,,mens|womens,2,,,,,,,,,,,M/W 2s
2022,37,angry-dragon-2022-06-12,Angry Dragon,angrydragon,cityonly|atlanta|GA,2022-06-12,,coed,2,,,,,,,,,,,Coed 2s
2022,38,beach-slap-2022-06-18,Beach Slap,beachslap,cityonly|chicago|IL,2022-06-18,,coed|mens|womens,2,,,,,,,,,,,Sand 2s Coed and M/W
2022,39,chucktown-volleyball-2022-06-18,Chucktown Volleyball,chucktownvolleyball,cityonly|charleston|SC,2022-06-18,,mens|womens,2,,,,,,,,,,,M/W 2s
2022,40,chucktown-volleyball-2022-06-19,Chucktown Volleyball,chucktownvolleyball,cityonly|charleston|SC,2022-06-19,,coed,2,,,,,,,,,,,Coed 2s
2022,41,triplefest-2022-06-25,Triplefest,triplefest,cityonly|milwaukee|WI,2022-06-25,,mens,3,,,,,,,,,,,Mens 3s
2022,42,pottstown-rumble-2022-06-24,Pottstown Rumble,pottstownrumble,cityonly|pottstown|PA,2022-06-24,,mens,3,,,,,,,,,,,AVP Mens 3s
2022,43,waupaca-warmup-2022-07-02,Waupaca Warmup,waupacawarmup,cityonly|chicago|IL,2022-07-02,,mens,3,,,,,,,,,,,Mens 3s
2022,44,waupaca-boatride-2022-07-07,Waupaca Boatride,waupacaboatride,cityonly|waupaca|WI,2022-07-07,,mens,3,,,,,,,,,,,AVP Mens 3s
2022,45,brightside-2022-07-16,Brightside,brightside,cityonly|louisville|KY,2022-07-16,,mens,3,,,,,,,,,,,Mens 3s
2022,46,brightside-2022-07-17,Brightside,brightside,cityonly|louisville|KY,2022-07-17,,coed,4,,,,,,,,,,,Coed 4s
2022,47,pisgah-classic-2022-07-16,Pisgah Classic,pisgahclassic,cityonly|brevard|NC,2022-07-16,,mens,3,,,,,,,,,,,Mens 3s
2022,48,pafukas-2022-07-16,Pafukas,pafukas,cityonly|augusta|GA,2022-07-16,,mens|womens,2,,,,,,,,,,,M/W 2s
2022,49,pafukas-2022-07-17,Pafukas,pafukas,cityonly|augusta|GA,2022-07-17,,coed,2,,,,,,,,,,,Coed 2s
2022,50,beloit-fest-2022-07-23,Beloit Fest,beloitfest,cityonly|beloit|WI,2022-07-23,,mens,3,,,,,,,,,,,Mens 3s
2022,51,chucktown-volleyball-2022-07-23,Chucktown Volleyball,chucktownvolleyball,cityonly|charleston|SC,2022-07-23,,mens,3,,,,,,,,,,,Mens 3s
2022,52,chucktown-volleyball-2022-07-24,Chucktown Volleyball,chucktownvolleyball,cityonly|charleston|SC,2022-07-24,,reverse_coed,2,,,,,,,,,,,Rev Coed 2s
2022,53,niu-grass-2022-07-30,NIU Grass,niugrass,cityonly|dekalb|IL,2022-07-30,,mens,3,,,,,,,,,,,Mens 3s
2022,54,the-crown-2022-07-30,The Crown,crown,cityonly|columbia|SC,2022-07-30,,mens,3,,,,,,,,,,,Mens 3s
2022,55,the-crown-2022-07-31,The Crown,crown,cityonly|columbia|SC,2022-07-31,,coed,2,,,,,,,,,,,Coed 2s
2022,56,players-beach-series-3-2022-07-31,Players Beach Series #3,playersbeachseries,cityonly|chicago|IL,2022-07-31,,coed|mens|womens,2,,,,,,,,,,,Sand 2s Coed and M/W
2022,57,big-dig-2022-08-06,Big Dig,bigdig,cityonly|chicago|IL,2022-08-06,,coed|mens|womens,2,,,,,,,,,,,Sand 2s Coed and M/W
2022,58,g-vegas-volleyball-2022-08-06,G-Vegas Volleyball,gvegasvolleyball,cityonly|greenville|SC,2022-08-06,,coed,2,,,,,,,,,,,Coed 2s
2022,59,g-vegas-volleyball-2022-08-07,G-Vegas Volleyball,gvegasvolleyball,cityonly|greenville|SC,2022-08-07,,mens,3,,,,,,,,,,,Mens 3s
2022,60,susquehanna-smash-2022-08-06,Susquehanna Smash,susquehannasmash,cityonly|manheim|PA,2022-08-06,,mens,3,,,,,,,,,,,AVP Mens 3s
2022,61,susquehanna-smash-2022-08-07,Susquehanna Smash,susquehannasmash,cityonly|manheim|PA,2022-08-07,,reverse_coed,2,,,,,,,,,,,Rev Coed 2s
2022,62,back-to-school-duels-2022-08-07,Back to School Duels,backtoschoolduels,cityonly|virgilgibbonsheritagepark|UT,2022-08-07,,reverse_coed,2,,,,,,,,,,,Rev Coed 2s
2022,63,players-grass-tourney-2022-08-13,Players Grass Tourney,playersgrasstourney,cityonly|chicago|IL,2022-08-13,,mens,3,,,,,,,,,,,Mens 3s
2022,64,players-beach-series-4-2022-08-20,Players Beach Series #4,playersbeachseries,cityonly|chicago|IL,2022-08-20,,coed|mens|womens,2,,,,,,,,,,,Sand 2s Coed and M/W
2022,65,pafukas-2022-08-20,Pafukas,pafukas,cityonly|augusta|GA,2022-08-20,,mens|womens,2,,,,,,,,,,,M/W 2s
2022,66,pafukas-2022-08-21,Pafukas,pafukas,cityonly|augusta|GA,2022-08-21,,coed,2,,,,,,,,,,,Coed 2s
2022,67,block-party-2022-08-27,Block Party,blockparty,cityonly|milwaukee|WI,2022-08-27,,mens,3,,,,,,,,,,,Mens 3s
2022,68,angry-dragon-2022-08-27,Angry Dragon,angrydragon,cityonly|atlanta|GA,2022-08-27,,mens,3,,,,,,,,,,,Mens 3s
2022,69,chucktown-volleyball-2022-08-27,Chucktown Volleyball,chucktownvolleyball,cityonly|charleston|SC,2022-08-27,,mens|womens,2,,,,,,,,,,,M/W 2s
2022,70,chucktown-volleyball-2022-08-28,Chucktown Volleyball,chucktownvolleyball,cityonly|charleston|SC,2022-08-28,,coed,2,,,,,,,,,,,Coed 2s
2022,71,luau-chicago-2022-09-10,Luau Chicago,luauchicago,cityonly|chicago|IL,2022-09-10,,mens,3,,,,,,,,,,,Mens 3s
2022,72,greenville-open-2022-09-10,Greenville Open,greenvilleopen,cityonly|greenville|SC,2022-09-10,,mens,3,,,,,,,,,,,AVP Mens 3s
2022,73,greenville-open-2022-09-11,Greenville Open,greenvilleopen,cityonly|greenville|SC,2022-09-11,,coed,2|4,,,,,,,,,,,Coed 2s & 4s
2022,74,pafukas-2022-09-17,Pafukas,pafukas,cityonly|augusta|GA,2022-09-17,,mens|womens,2,,,,,,,,,,,M/W 2s
2022,75,pafukas-2022-09-18,Pafukas,pafukas,cityonly|augusta|GA,2022-09-18,,coed,2,,,,,,,,,,,Coed 2s
2022,76,players-beach-series-5-2022-09-24,Players Beach Series #5,playersbeachseries,cityonly|chicago|IL,2022-09-24,,coed|mens|womens,2,,,,,,,,,,,Sand 2s Coed and M/W
2022,77,angry-dragon-2022-09-24,Angry Dragon,angrydragon,cityonly|atlanta|GA,2022-09-24,,coed,2,,,,,,,,,,,Coed 2s
2022,78,frienemies-2022-09-24,Frienemies,frienemies,cityonly|charlotte|NC,2022-09-24,,coed,2,,,,,,,,,,,Coed 2s
2022,79,chucktown-volleyball-2022-09-24,Chucktown Volleyball,chucktownvolleyball,cityonly|charleston|SC,2022-09-24,,mens|womens,2,,,,,,,,,,,M/W 2s
2022,80,chucktown-volleyball-2022-09-25,Chucktown Volleyball,chucktownvolleyball,cityonly|charleston|SC,2022-09-25,,reverse_coed,2,,,,,,,,,,,Rev Coed 2s
2022,81,oktoberfest-2022-10-01,Oktoberfest,oktoberfest,cityonly|beloit|WI,2022-10-01,,mens,3,,,,,,,,,,,Mens 3s
2022,82,g-vegas-volleyball-2022-10-01,G-Vegas Volleyball,gvegasvolleyball,cityonly|greenville|SC,2022-10-01,,coed,2,,,,,,,,,,,Coed 2s
2022,83,g-vegas-volleyball-2022-10-02,G-Vegas Volleyball,gvegasvolleyball,cityonly|greenville|SC,2022-10-02,,mens,3,,,,,,,,,,,Mens 3s
2022,84,grass-nationals-2022-10-08,Grass Nationals,grassnationals,cityonly|chattanooga|TN,2022-10-08,,mens,3,,,,,,,,,,,AVP Mens 3s
2022,85,fudpuckers-2022-10-13,Fudpuckers,fudpuckers,cityonly|destin|FL,2022-10-13,,coed|mens,2|4,,,,,,,,,,,Sand Coed/Mens 2s & 4s
2022,86,angry-dragon-2022-10-22,Angry Dragon,angrydragon,cityonly|atlanta|GA,2022-10-22,,reverse_coed,2,,,,,,,,,,,Rev Coed 2s
2022,87,chucktown-volleyball-2022-10-22,Chucktown Volleyball,chucktownvolleyball,cityonly|charleston|SC,2022-10-22,,mens|womens,2,,,,,,,,,,,M/W 2s
2022,88,chucktown-volleyball-2022-10-23,Chucktown Volleyball,chucktownvolleyball,cityonly|charleston|SC,2022-10-23,,coed,2,,,,,,,,,,,Coed 2s
2022,89,chucktown-volleyball-2022-11-12,Chucktown Volleyball,chucktownvolleyball,cityonly|charleston|SC,2022-11-12,,mens,3,,,,,,,,,,,Mens 3s
2022,90,chucktown-volleyball-2022-11-13,Chucktown Volleyball,chucktownvolleyball,cityonly|charleston|SC,2022-11-13,,reverse_coed,2,,,,,,,,,,,Rev Coed 2s
2022,91,chucktown-volleyball-2022-12-03,Chucktown Volleyball,chucktownvolleyball,cityonly|charleston|SC,2022-12-03,,mens|womens,2,,,,,,,,,,,M/W 2s
2022,92,chucktown-volleyball-2022-12-04,Chucktown Volleyball,chucktownvolleyball,cityonly|charleston|SC,2022-12-04,,coed,2,,,,,,,,,,,Coed 2s
2022,94,chucktown-2022-03-25,Chucktown,chucktownvolleyball,,2022-03-25,,mens|womens,2,,,,,,,,,,,M/W 2s
2022,95,chucktown-2022-03-26,Chucktown,chucktownvolleyball,,2022-03-26,,reverse_coed,2,,,,,,,,,,,RevCo 2s
2022,96,players-sport-social-club-2022-04-01,Players Sport&Social Club,playerssportsocial,,2022-04-01,,,4,,,,,,,,,,,4's
2022,97,g-vegas-2022-04-01,G-Vegas,gvegas,,2022-04-01,,coed,2,,,,,,,,,,,Co-ed 2s
2022,98,g-vegas-2022-04-02,G-Vegas,gvegas,,2022-04-02,,mens|womens,3,,,,,,,,,,,M/W 3s
2022,99,angry-dragon-2022-04-15,Angry Dragon,angrydragon,,2022-04-15,,mens|womens,3,,,,,,,,,,,M/W 3s
2022,100,chucktown-2022-04-15,Chucktown,chucktownvolleyball,,2022-04-15,,mens|womens,2,,,,,,,,,,,M/W 2s
2022,101,chucktown-2022-04-16,Chucktown,chucktownvolleyball,,2022-04-16,,coed,2,,,,,,,,,,,Co-ed 2s
2022,102,the-clash-2022-04-29,The Clash,clash,,2022-04-29,,coed,2,,,,,,,,,,,Co-ed 2s
2022,103,the-clash-2022-04-30-2,The Clash,clash,,2022-04-30,,mens|womens,3,,,,,,,,,,,M/W 3s
2022,104,players-sport-social-club-2022-05-13,Players Sport&Social Club,playerssportsocial,,2022-05-13,,coed|mens|womens,3|4,,,,,,,,,,,"M/W 3s, Coed 4s"
2022,105,pass-it-on-2022-05-13,Pass It On,passiton,,2022-05-13,,mens|womens,3,,,,,,,,,,,M/W 3s
2022,106,chucktown-2022-05-13,Chucktown,chucktownvolleyball,,2022-05-13,,mens|womens,2,,,,,,,,,,,M/W 2s
2022,107,chucktown-2022-05-14,Chucktown,chucktownvolleyball,,2022-05-14,,reverse_coed,2,,,,,,,,,,,RevCo 2s
2022,108,angry-dragon-2022-05-20,Angry Dragon,angrydragon,,2022-05-20,,reverse_coed,2,,,,,,,,,,,RevCo 2s
2022,109,soda-city-classic-2022-05-20,Soda City Classic,sodacityclassic,,2022-05-20,,mens|womens,3,,,,,,,,,,,M/W 3s
2022,110,players-sport-social-club-2022-05-27,Players Sport&Social Club,playerssportsocial,,2022-05-27,,coed|mens|womens,3|4,,,,,,,,,,,"M/W 3s, Coed 4s"
2022,111,volleybums-2022-05-27,VolleyBums,volleybums,,2022-05-27,,mens|womens,2,,,,,,,,,,,M/W 2s
2022,112,volleybums-2022-05-28,VolleyBums,volleybums,,2022-05-28,,coed,2,,,,,,,,,,,Co-ed 2s
2022,113,g-vegas-2022-06-03,G-Vegas,gvegas,,2022-06-03,,coed,2,,,,,,,,,,,Co-ed 2s
2022,114,g-vegas-2022-06-04,G-Vegas,gvegas,,2022-06-04,,mens|womens,3,,,,,,,,,,,M/W 3s
2022,115,angry-dragon-2022-06-10,Angry Dragon,angrydragon,,2022-06-10,,mens|womens,2,,,,,,,,,,,M/W 2s
2022,116,pafukas-2022-06-10,Pafukas,pafukas,,2022-06-10,,mens|womens,2,,,,,,,,,,,M/W 2s
2022,117,players-sport-social-club-2022-06-11,Players Sport&Social Club,playerssportsocial,,2022-06-11,,,,,,,,,,,,,,??
2022,118,angry-dragon-2022-06-11-2,Angry Dragon,angrydragon,,2022-06-11,,,,,,,,,,,,,,TBD
2022,119,pafukas-2022-06-11,Pafukas,pafukas,,2022-06-11,,coed,2,,,,,,,,,,,Co-ed 2s
2022,120,chucktown-2022-06-17,Chucktown,chucktownvolleyball,,2022-06-17,,mens|womens,2,,,,,,,,,,,M/W 2s
2022,121,chucktown-2022-06-18,Chucktown,chucktownvolleyball,,2022-06-18,,coed,2,,,,,,,,,,,Co-ed 2s
2022,122,players-sport-social-club-2022-06-24,Players Sport&Social Club,playerssportsocial,,2022-06-24,,,,,,,,,,,,,,??
2022,123,volleybums-2022-06-24,VolleyBums,volleybums,,2022-06-24,,mens|womens,2,,,,,,,,,,,M/W 2s
2022,124,volleybums-2022-06-25,VolleyBums,volleybums,,2022-06-25,,reverse_coed,2,,,,,,,,,,,RevCo 2s
2022,125,duk-duk-daze-2022-04-15,Duk Duk Daze,dukdukdaze,,2022-04-15,,coed,4,,,,,,,,,,,Co-Ed 4s
2022,126,players-sport-social-club-2022-07-01,Players Sport&Social Club,playerssportsocial,,2022-07-01,,,,,,,,,,,,,,??
2022,127,pafukas-2022-07-15,Pafukas,pafukas,,2022-07-15,,mens|womens,2,,,,,,,,,,,M/W 2s
2022,128,pafukas-2022-07-16-2,Pafukas,pafukas,,2022-07-16,,reverse_coed,2,,,,,,,,,,,RevCo 2s
2022,129,players-sport-social-club-2022-07-22,Players Sport&Social Club,playerssportsocial,,2022-07-22,,,,,,,,,,,,,,??
2022,130,pisgah-classic-2022-07-22,Pisgah Classic,pisgahclassic,,2022-07-22,,mens|womens,3,,,,,,,,,,,M/W 3s
2022,131,chucktown-2022-07-22,Chucktown,chucktownvolleyball,,2022-07-22,,mens|womens,3,,,,,,,,,,,M/W 3s
2022,132,chucktown-2022-07-23,Chucktown,chucktownvolleyball,,2022-07-23,,reverse_coed,2,,,,,,,,,,,RevCo 2s
2022,133,the-crown-2022-07-29,The Crown,crown,,2022-07-29,,mens|womens,3,,,,,,,,,,,M/W 3s
2022,134,the-crown-2022-07-30-2,The Crown,crown,,2022-07-30,,coed,2,,,,,,,,,,,Co-ed 2s
2022,135,players-sport-social-club-2022-08-05,Players Sport&Social Club,playerssportsocial,,2022-08-05,,,,,,,,,,,,,,??
2022,137,players-sport-social-club-2022-08-26,Players Sport&Social Club,playerssportsocial,,2022-08-26,,,,,,,,,,,,,,??
2022,138,players-sport-social-club-2022-09-09,Players Sport&Social Club,playerssportsocial,,2022-09-09,,,,,,,,,,,,,,??
2022,139,players-sport-social-club-2022-09-30,Players Sport&Social Club,playerssportsocial,,2022-09-30,,,,,,,,,,,,,,??
2023,2,chucktown-volleyball-2023-02-25,Chucktown Volleyball,chucktownvolleyball,hanahanrecreationcomplex|charleston|SC,2023-02-25,,mens|womens,2,open|aa|a|bb|b,4000,,,,,,,,,Men's Doubles Women's Doubles
2023,3,chucktown-volleyball-2023-02-26,Chucktown Volleyball,chucktownvolleyball,hanahanrecreationcomplex|charleston|SC,2023-02-26,,coed,2,open|aa|a|bb|b,4000,,,,,,,,,Coed Doubles
2023,4,hustle-factory-2023-03-04,Hustle Factory,hustlefactory,cityonly|springhill|TN,2023-03-04,,reverse_coed,4,a|bb,4500,,,,,,,,,Reverse Coed Quads
2023,5,tim-carlson-s-no-name-grass-tournament-2023-03-11,Tim Carlson’s No Name Grass Tournament,timcarlson,151emainsthendersonvilletn37075|hendersonville|TN,2023-03-11,,coed,4,a,,,,,,,,,,Coed Quads
2023,6,lucky-leprechaun-charity-2023-03-11,Lucky 🍀 Leprechaun Charity,roguepineapplevolleyball,990hurtrdaustellga30106|atlanta|GA,2023-03-11,,reverse_coed,4,open|a,,,,,,,,,,Reverse Coed Quads
2023,7,chucktown-smack-down-2023-2023-03-25,Chucktown Smack Down 2023,chucktownvolleyball,hanahanrecreationcomplex|charleston|SC,2023-03-25,,mens|womens,2,open|aa|a|bb|b,4000,,,,,,,,,Men's Doubles Women's Doubles
2023,8,chucktown-smack-down-2023-2023-03-26,Chucktown Smack Down 2023,chucktownvolleyball,hanahanrecreationcomplex|charleston|SC,2023-03-26,,coed,2,open|aa|a|bb|b,4000,,,,,,,,,Reservse Coed Doubles
2023,9,2023-indoor-luau-turf-2023-04-01,2023 Indoor Luau Turf,playerssportsocial,999wmainstwestdundeeil60118|westdundee|IL,2023-04-01,,reverse_coed,4,a|aa|bb|b,,,,,2023-03-13,,,,,Reverse Coed Quads
2023,10,2023-indoor-luau-turf-2023-04-01-2,2023 Indoor Luau Turf,playerssportsocial,999wmainstwestdundeeil60118|westdundee|IL,2023-04-01,,mens|womens,4,a|aa|bb|b,,,,,2023-03-13,,,,,Men's Quads Women's Quads
2023,11,tiki-beach-bowl-fuds-warmup-2023-04-08,Tiki Beach Bowl - FUDS Warmup,roguepineapplevolleyball,2723nboganrdnebufordga30519|atlanta|GA,2023-04-08,,mens|womens,4,open,,,,,,,,,,Men's & Women's Quads
2023,12,angry-dragons-adv-outdoor-opener-2023-04-13,Angry Dragons - ADV Outdoor Opener,angrydragons,3037pleasantvalleydrdoravillega30340|atlanta|GA,2023-04-13,,mens|womens,3,open|a|bb,12000,,,,2023-04-14,,,,,Men's & Women's Trips
2023,13,chucktown-volleyball-2023-04-15,Chucktown Volleyball,chucktownvolleyball,hanahanrecreationcomplex|charleston|SC,2023-04-15,,mens|womens,2,open|aa|a|bb|b,4000,,,,,,,,,Men's & Women's Doubles
2023,14,chucktown-volleyball-2023-04-16,Chucktown Volleyball,chucktownvolleyball,hanahanrecreationcomplex|charleston|SC,2023-04-16,,coed,2,open|aa|a|bb|b,4000,,,,,,,,,Coed Doubles
2023,15,fuds-2023-04-19,FUDS,emeraldcoastvolleyball,1450miraclestrippkwysefortwaltonbeachfl32548|fortwaltonbeach|FL,2023-04-19,,coed,2,open|aa|a|bb|b,,,,,,,,,,Coed Doubles
2023,16,fuds-2023-04-20,FUDS,emeraldcoastvolleyball,1450miraclestrippkwysefortwaltonbeachfl32548|fortwaltonbeach|FL,2023-04-20,,mens|womens,2,open|aa|a|bb|b,,,,,,,,,,Men's & Women's Doubles
2023,17,fuds-2023-04-21,FUDS,emeraldcoastvolleyball,1450miraclestrippkwysefortwaltonbeachfl32548|fortwaltonbeach|FL,2023-04-21,,coed,4,open|aa|a|bb|b,,,,,,,,,,Coed Quads
2023,18,fuds-2023-04-22,FUDS,emeraldcoastvolleyball,1450miraclestrippkwysefortwaltonbeachfl32548|fortwaltonbeach|FL,2023-04-22,,mens|womens,4,open|aa|a|bb|b,,,,,,,,,,Men's & Women's Quads
2023,19,fuds-2023-04-23,FUDS,emeraldcoastvolleyball,1450miraclestrippkwysefortwaltonbeachfl32548|fortwaltonbeach|FL,2023-04-23,,mens|womens,4,open|aa|a|bb|b,,,,,,,,,,Men's & Women's Quads
2023,20,34th-annual-derby-festival-volleyball-classic-2023-04-29,34th Annual Derby Festival Volleyball Classic,baxterjacks,senecapark|louisville|KY,2023-04-29,,mens|womens,3|4|6,open,,,,,,,,,,"Men's Trips, Women's Quads Men's & Women's Sixes"
2023,21,34th-annual-derby-festival-volleyball-classic-2023-04-30,34th Annual Derby Festival Volleyball Classic,baxterjacks,senecapark|louisville|KY,2023-04-30,,coed,2|6,open,,,,,,,,,,"Coed Sixes, Coed Doubles"
2023,22,jacob-smith-s-the-farm-2023-05-07,Jacob Smith’s “The Farm”,jacobsmith,5805wtrimblerdmiltontn371184310|milton|TN,2023-05-07,,mens|womens,3,open,,,,,,,,,,Men's & Women's Trips
2023,23,playfornae-charity-tournament-2023-05-13,PlayForNae - Charity Tournament,rileymarshall,tbd|bowlinggreen|KY,2023-05-13,,coed,4,open,,,,,,,,,,Coed Quads
2023,24,spring-grass-luau-2023-05-13,Spring Grass Luau,playerssportsocial,600wmontroseharbordrchicagoil60640|chicago|IL,2023-05-13,,coed|mens|womens,3|4,,,,,,2023-05-05,,,,,Men's & Women's Trips | Coed Quads
2023,25,chucktown-volleyball-2023-05-13,Chucktown Volleyball,chucktownvolleyball,hanahanrecreationcomplex|charleston|SC,2023-05-13,,mens|womens,2,open|aa|a|bb|b,4000,,,,,,,,,Men's & Women's Doubles
2023,26,chucktown-volleyball-2023-05-14,Chucktown Volleyball,chucktownvolleyball,hanahanrecreationcomplex|charleston|SC,2023-05-14,,coed,2,open|aa|a|bb|b,4000,,,,,,,,,Reservse Coed Doubles
2023,27,soda-city-classic-2023-05-20,Soda City Classic,,cityonly|columbia|SC,2023-05-20,,mens|womens,3,open|aa|a|bb,,,,"$3,000.00",,,,,,Men's & Women's Trips
2023,28,angry-dragons-adv-mayhem-2023-05-20,Angry Dragons - ADV Mayhem,angrydragons,3037pleasantvalleydrdoravillega30340|atlanta|GA,2023-05-20,,reverse_coed,2,open|a|bb,8000,,,,2023-05-19,,,,,Reverse Coed Doubles
2023,29,may-madness-luau-2023-05-27,May Madness Luau,playerssportsocial,600wmontroseharbordrchicagoil60640|chicago|IL,2023-05-27,,coed|mens|womens,3|4,,,,,,2023-05-19,,,,,Men's & Women's Trips | Coed Quads
2023,30,angry-dragons-adv-dragon-slayer-2023-06-10,Angry Dragons - ADV Dragon Slayer,angrydragons,3037pleasantvalleydrdoravillega30340|atlanta|GA,2023-06-10,,mens|womens,2,open|a|bb,8000,,,,2023-06-09,,,,,Men's & Women's Doubles
2023,31,angry-dragons-adv-dragon-slayer-2023-06-11,Angry Dragons - ADV Dragon Slayer,angrydragons,3037pleasantvalleydrdoravillega30340|atlanta|GA,2023-06-11,,reverse_coed,3,open|a|bb,12000,,,,2023-06-10,,,,,Reverse Coed Trips
2023,32,chucktown-volleyball-2023-06-17,Chucktown Volleyball,chucktownvolleyball,hanahanrecreationcomplex|charleston|SC,2023-06-17,,mens|womens,2,open|aa|a|bb|b,4000,,,,,,,,,Men's & Women's Doubles
2023,33,chucktown-volleyball-2023-06-18,Chucktown Volleyball,chucktownvolleyball,hanahanrecreationcomplex|charleston|SC,2023-06-18,,coed,2,open|aa|a|bb|b,4000,,,,,,,,,Coed Doubles
2023,34,pottstown-rumble-2023-06-23,Pottstown Rumble,,75westkingstpottstownpa19464|pottstown|PA,2023-06-23,,mens|womens,2|3,aa|a|bb|b,,,,,,,,,,Men's & Women's Doubles Masters Men's & Women's Triples Women's Pro Doubles Pool Play
2023,35,pottstown-rumble-2023-06-24,Pottstown Rumble,,75westkingstpottstownpa19464|pottstown|PA,2023-06-24,,mens|womens,2,aa|a|bb|b,,,,,,,,,,Men's & Women's Doubles Women's Pro Playoffs & Final
2023,36,pottstown-rumble-2023-06-25,Pottstown Rumble,,75westkingstpottstownpa19464|pottstown|PA,2023-06-25,,coed|mens,2|4,aa|a|bb|b,,,,,,,,,,Coed Doubles Coed Quads Men's Pro Doubles Playoffs & Final
2023,37,waupaca-boatride-2023-07-06,Waupaca Boatride,,brightonacres|oshkosh|WI,2023-07-06,,,,,,,,,,,,,,
2023,38,waupaca-boatride-2023-07-07,Waupaca Boatride,,cityonly|oshkosh|WI,2023-07-07,,,,,,,,,,,,,,
2023,39,waupaca-boatride-2023-07-08,Waupaca Boatride,,cityonly|oshkosh|WI,2023-07-08,,,,,,,,,,,,,,
2023,40,waupaca-boatride-2023-07-09,Waupaca Boatride,,cityonly|oshkosh|WI,2023-07-09,,,,,,,,,,,,,,
2023,41,chucktown-volleyball-2023-07-22,Chucktown Volleyball,chucktownvolleyball,hanahanrecreationcomplex|charleston|SC,2023-07-22,,mens|womens,3,open|aa|a|bb|b,4000,,,,,,,,,Men's & Women's Trips
2023,42,chucktown-volleyball-2023-07-23,Chucktown Volleyball,chucktownvolleyball,hanahanrecreationcomplex|charleston|SC,2023-07-23,,reverse_coed,2,open|aa|a|bb|b,4000,,,,,,,,,Reverse Coed Doubles
2023,43,chucktown-volleyball-2023-08-19,Chucktown Volleyball,chucktownvolleyball,hanahanrecreationcomplex|charleston|SC,2023-08-19,,mens|womens,2,open|aa|a|bb|b,4000,,,,,,,,,Men's & Women's Doubles
2023,44,chucktown-volleyball-2023-08-20,Chucktown Volleyball,chucktownvolleyball,hanahanrecreationcomplex|charleston|SC,2023-08-20,,coed,2,open|aa|a|bb|b,4000,,,,,,,,,Coed Doubles
2023,45,angry-dragons-tripocalypse-2023-08-26,Angry Dragons - Tripocalypse,angrydragons,3037pleasantvalleydrdoravillega30340|atlanta|GA,2023-08-26,,mens|womens,3,open|a|bb,12000,,,,2023-08-25,,,,,Men's & Women's Trips
2023,46,chucktown-volleyball-2023-09-23,Chucktown Volleyball,chucktownvolleyball,hanahanrecreationcomplex|charleston|SC,2023-09-23,,mens|womens,3,open|aa|a|bb|b,4000,,,,,,,,,Men's & Women's Trips
2023,47,chucktown-volleyball-2023-09-24,Chucktown Volleyball,chucktownvolleyball,hanahanrecreationcomplex|charleston|SC,2023-09-24,,reverse_coed,2,open|aa|a|bb|b,4000,,,,,,,,,Reverse Coed Doubles
2023,48,under-the-light-coed-quads-2023-09-30,Under The Light - Coed Quads,timcarlson,151emainsthendersonvilletn37075|nashville|TN,2023-09-30,,coed,4,open,3500,,,,,,,,,Coed Quads
2023,49,angry-dragons-adv-volloween-a-bb-reverse-coed-quads-2023-10-,Angry Dragons - ADV Volloween (A/BB Reverse Coed Quads),angrydragons,3037pleasantvalleydrdoravillega30340|atlanta|GA,2023-10-14,,reverse_coed,4,a|bb,16000,,,,2023-10-13,,,,,Reverse Coed Quads
2023,50,coed-quads-2023-10-14,Coed Quads,timcarlson,151emainsthendersonvilletn37075|hendersonville|TN,2023-10-14,,coed,4,a,3500,,,Cash,,,,,,Coed Qauds
2023,51,angry-dragons-adv-volloween-open-reverse-coed-doubles-2023-1,Angry Dragons - ADV Volloween (Open Reverse Coed Doubles),angrydragons,3037pleasantvalleydrdoravillega30340|atlanta|GA,2023-10-15,,reverse_coed,2,open,8000,,,,2023-10-20,,,,,Reverse Coed Doubles
2023,52,chucktown-volleyball-2023-10-21,Chucktown Volleyball,chucktownvolleyball,hanahanrecreationcomplex|charleston|SC,2023-10-21,,mens|womens,2,open|aa|a|bb|b,4000,,,,,,,,,Men's & Women's Doubles
2023,53,coed-doubles-grass-tournament-2023-10-21,Coed Doubles Grass Tournament,avlhoppersvolleyball,220amboyrdashevillenc28806|asheville|NC,2023-10-21,,coed,2,open|aa|a|b,3500,,,Cash,2023-10-18,,,,,Coed Doubles
2023,54,chucktown-volleyball-2023-10-22,Chucktown Volleyball,chucktownvolleyball,hanahanrecreationcomplex|charleston|SC,2023-10-22,,coed,2,open|aa|a|bb|b,4000,,,,,,,,,Coed Doubles
2023,55,chucktown-volleyball-2023-11-11,Chucktown Volleyball,chucktownvolleyball,hanahanrecreationcomplex|charleston|SC,2023-11-11,,mens|womens,3,open|aa|a|bb|b,4000,,,,,,,,,Men's & Women's Trips
2023,56,chucktown-volleyball-2023-11-12,Chucktown Volleyball,chucktownvolleyball,hanahanrecreationcomplex|charleston|SC,2023-11-12,,reverse_coed,2,open|aa|a|bb|b,4000,,,,,,,,,Reverse Coed Doubles
2023,57,chucktown-volleyball-2023-12-09,Chucktown Volleyball,chucktownvolleyball,hanahanrecreationcomplex|charleston|SC,2023-12-09,,mens|womens,2,open|aa|a|bb|b,4000,,,,,,,,,Men's & Women's Doubles
2023,58,chucktown-volleyball-2023-12-10,Chucktown Volleyball,chucktownvolleyball,hanahanrecreationcomplex|charleston|SC,2023-12-10,,coed,2,open|aa|a|bb|b,4000,,,,,,,,,Coed Doubles
2023,59,2023-overnight-spooky-tournament-2023-10-28,2023 Overnight Spooky Tournament,sabrinafantoni,1776declarationwaythompsonsstationtn37179|nashville|TN,2023-10-28,,coed,4,open,4000,,,Cash and Prizes,,,,,,Coed Quads
2023,60,dynamic-duos-doubles-2023-11-04,Dynamic Duos Doubles,ultrainstinctvolleyball,safetycityrdknoxvilletn37919|knoxville|TN,2023-11-04,,coed,,,4000,,,Cash and Prizes,,,,,,Coed
2023,61,smokey-mountain-classic-2023-11-04,Smokey Mountain Classic,roguepineapplevolleyball,safetycityrdknoxvilletn37919|knoxville|TN,2023-11-04,,coed,,,4000,,,Cash and Prizes,,,,,,Coed
2023,62,smokey-mountain-classic-2023-11-05,Smokey Mountain Classic,roguepineapplevolleyball,safetycityrdknoxvilletn37919|knoxville|TN,2023-11-05,,mens|womens,,,4000,,,Cash and Prizes,,,,,,Same Sex
2023,63,wristbone-tournament-2023-11-04,Wristbone Tournament,timcarlson,151eastmainstreethendersonvilletn37075|hendersonville|TN,2023-11-04,,mens|womens,,,3500,,,25% of registration,,,,,,Same Sex
2023,64,volleygobble-2023-11-04,VolleyGobble,901volleyball,riversidedrmemphistn38103|memphis|TN,2023-11-04,,mens|womens,,,,,,-,,,,,,Same Sex
2023,65,winter-point-series-3-2023-11-04,Winter Point Series #3,kinglouiesbeachvolleyball,600nenglishstationrdlouisvilleky402234724|louisville|KY,2023-11-04,,coed,,a|b,,,,-,,,,,,Coed
2023,66,hustle-factory-2023-11-11,Hustle Factory,hustlefactory,,2023-11-11,,coed,,open,5000,,,,,,,,,Coed
2023,67,scenic-city-classic-grass-2023-11-11,Scenic City Classic Grass,roguepineapplevolleyball,3400hughesavechattanoogatn374101652|chattanooga|TN,2023-11-11,,mens|womens,,open|a|bb,,,,-,,,,,,Same Sex
2023,68,scenic-city-classic-grass-2023-11-11-2,Scenic City Classic Grass,roguepineapplevolleyball,3400hughesavechattanoogatn374101652|chattanooga|TN,2023-11-11,,coed,,bb|b,,,,-,,,,,,Coed
2023,69,scenic-city-classic-grass-2023-11-11-3,Scenic City Classic Grass,roguepineapplevolleyball,3400hughesavechattanoogatn374101652|chattanooga|TN,2023-11-11,,mens|womens,,open|a|bb,,,,-,,,,,,Same Sex
2023,70,reverse-coed-volleyball-tournament-2023-11-11,Reverse Coed Volleyball Tournament,meangreenvolleyball,411southlanddrlexingtonky405031826|lexington|KY,2023-11-11,,reverse_coed,,bb,3500,,,-,,,,,,Reverse Coed
2023,71,turkey-bowl-blind-draw-2023-11-11,Turkey Bowl Blind Draw,vollis,10315wattersontrailjeffersontownky|jeffersontown|KY,2023-11-11,,coed,,a,,,,,,,,,,Coed
2023,72,bring-your-own-coed-partner-2023-11-11,Bring Your Own Coed Partner,setterscincy,4005hopperhillrdcincinnatioh|cincinnati|OH,2023-11-11,,coed,,,2500,,,,,,,,,Coed
2023,73,quadsgiving-2023-11-18,Quadsgiving,roguepineapplevolleyball,7776jonesborordbuilding100jonesboroga|jonesboro|GA,2023-11-18,,mens|womens,,open|a|bb,18000,,,,,,,,,Same Sex
2023,74,quadsgiving-2023-11-18-2,Quadsgiving,roguepineapplevolleyball,7776jonesborordbuilding100jonesboroga|jonesboro|GA,2023-11-18,,coed,,bb|b,18000,,,-,,,,,,Coed
2023,75,turkey-bowl-blind-draw-2023-11-18,Turkey Bowl Blind Draw,vollis,8cityblvd|nashville|TN,2023-11-18,,coed,,a,,,,,,,,,,Coed
2023,76,mtsu-fundraiser-2023-11-19,MTSU Fundraiser,ashleighmoffett,1848blueraiderdrmurfreesborotn37132|murfreesboro|TN,2023-11-19,,coed,,open,4000,,,"$1,000.00",,,,,,Coed
2023,77,glow-in-the-dark-2023-12-03,Glow in the Dark,hustlefactory,,2023-12-03,,,,open,,,,$700.00,,,,,,
2024,2,frozen-peach-classic-2024-01-13,Frozen Peach Classic,roguepineapplevolleyball,11000alpharettahighway|rosewell|GA,2024-01-13,indoor,reverse_coed,4,open|a|bb,16000,per_team,https://fb.me/e/6hvD4qLKF,"$4,000.00",,,,Daniel Phillips,,Quads
2024,3,tropical-throwdown-2024-01-20,Tropical Throwdown,roguepineapplevolleyball,2001countrywaysouth|stpetersburg|FL,2024-01-20,grass,coed,2,open|a|bb|b,,,https://www.avpamerica.com/VA-Beach-Volleyball-Tournament-Registration.aspx?EventID=17830,TBD,,,,Daniel Phillips,,Doubles
2024,4,2024-winter-indoor-luau-2024-02-03,2024 Winter Indoor Luau,playerssportsocial,6600indianapolissportscomplex|hammon|IN,2024-02-03,indoor,mens|womens,6,open|a|bb,,,https://fb.me/e/gt1NxRs9v,TBD,,,,Nicky Spano & Dave Reid,,Sixes
2024,5,o-town-cupid-crusher-2024-02-10,O-Town Cupid Crusher,roguepineapplevolleyball,4801westcolonialdr|orlando|FL,2024-02-10,grass,coed,2,open|a|bb,,,https://www.avpamerica.com/VA-Beach-Volleyball-Event.aspx?EventID=17807,"$4,000.00",,,,Daniel Phillips,,Doubles
2024,6,ice-breaker-2024-02-10,Ice Breaker,pelicancityvolleyball,2001countryways|stpetersburg|FL,2024-02-10,grass,mens|womens,2,open,12000,per_team,https://www.avpamerica.com/VA-Beach-Volleyball-Event.aspx?EventID=18318,TBD,,,,TBD,,Doubles
2024,7,3rd-annual-chatt-state-quads-fundraiser-tournament-2024-02-1,3rd Annual Chatt State Quads Fundraiser Tournament,chattanoogastatecommunitycollege,4501amnicolahwy|chattanooga|TN,2024-02-17,indoor,mens,4,open,16000,per_team,https://fb.me/e/1azZZ8UMJ,$480.00,,8:00,9:00,Sarah Stuheit,,Quads
2024,8,3rd-annual-chatt-state-quads-fundraiser-tournament-2024-02-1-2,3rd Annual Chatt State Quads Fundraiser Tournament,chattanoogastatecommunitycollege,4501amnicolahwy|chattanooga|TN,2024-02-18,indoor,womens,4,open,16000,per_team,https://facebook.com/events/s/3rd-annual-chatt-state-4v4-mw-/835789914803087/,Cash - $480,,8:30,9,Sarah Stuheit,,Quads
2024,9,adv-slam-jam-indoor-same-sex-quads-volleyball-tourney-2024-0,ADV Slam Jam - Indoor Same Sex Quads Volleyball Tourney,angrydragonsvolleyball,7776jonesborordbuilding100|jonesboro|GA,2024-03-02,indoor,mens|womens,4,open|a|bb,18000,per_team,https://fb.me/e/wlOI0FZCr,TBD,,8:00,9:00am,Ryan Hojnacki,,Quads
2024,10,lucky-leprechaun-coed-quads-2024-03-09,Lucky Leprechaun Coed Quads,roguepineapplevolleyball,990hurstrd|marietta|GA,2024-03-09,grass,coed,4,open,,,https://facebook.com/events/s/lucky-leprechaun-coed-4s-1f-mi/3549996955241242/,TBD,,,,Daniel Phillips,,Quads
2024,11,carlson-s-grassy-season-opener-2024-03-09,Carlson's Grassy Season Opener,timcarlson,1334drakescreekrd|hendersonville|TN,2024-03-09,grass,coed,4,open,14000,per_team,https://fb.me/e/4XYPsLn1p,,,8:30,9:00,Tim Carlson,,Quads
2024,12,cin-city-volleyball-same-sex-open-doubles-2024-03-09,Cin-City Volleyball Same Sex Open Doubles,cincity,10750lovelandmadeirard|loveland|OH,2024-03-09,beach,mens|womens,2,open,9000,per_team,https://fb.me/e/3eGjhbgE3,$800.00,,7:30,8:00,Grand Sands Volleyball,,Doubles
2024,13,cin-city-volleyball-same-sex-a-b-doubles-2024-03-09,Cin-City Volleyball Same Sex A & B Doubles,cincity,10750lovelandmadeirard|loveland|OH,2024-03-09,beach,mens|womens,2,a|b,6000,per_team,https://fb.me/e/vzJl4KO8E,Cash,,2:30,3:00,Scott Davenport,,Doubles
2024,14,wps-march-16th-same-sex-doubles-tournament-event-10-2024-03-,WPS March 16th Same Sex Doubles Tournament Event #10,kinglouiesbeachvolleyball,592nenglishstationrd|louisville|KY,2024-03-16,beach,mens|womens,2,a|b,8000,per_team,https://fb.me/e/1TlQMCCNN,$750.00,,7:00,,King Louie's Beach Volleyball,,Doubles
2024,15,adv-madness-revervse-co-ed-quads-2024-03-16,ADV Madness - Revervse Co-ed Quads,angrydragonsvolleyball,7776jonesborordbuilding100|jonesboro|GA,2024-03-16,indoor,reverse_coed,4,open|aa|bb,18000,per_team,https://fb.me/e/4W748E5am,,,8:00,9:00,Tsunami Center,,Quads
2024,16,reverse-co-ed-fundraiser-tournament-2024-03-16,Reverse Co-ed Fundraiser Tournament,hustlefactory,5191joepeayrd|springhill|TN,2024-03-16,indoor,reverse_coed,4,open,14000,per_team,https://fb.me/e/3mZJf6ZTh,$700.00,,8:00,8:30,Tim Cooper,,Quads
2024,17,don-t-doublin-the-shamrock-2024-03-16,Don't Doublin the Shamrock,birminghambeachvolleyball,2020pelhamparkblvd|pelham|AL,2024-03-16,beach,coed,2,open|bb,8000,per_team,https://fb.me/e/3khgcxCD2,,,,,Joe Alaimo,,Doubles
2024,18,mtsu-co-ed-quads-2024-03-17,MTSU Co-ed Quads,ashleighmoffett,1848blueraiderdr|murfreesboro|TN,2024-03-17,indoor,coed,4,open,16000,per_team,https://fb.me/e/3k0DZ0vS8,"$1,000.00",,8:30:00 AM,9:00:00 AM,Ashleigh Moffett,,Quads
2024,19,same-sex-sunday-quads-2024-03-24,Same Sex Sunday Quads,timcarlson,151eastmainstreet|hendersonville|TN,2024-03-24,grass,mens|womens,4,open|aa|a|bb,14000,per_team,https://www.facebook.com/events/1431511204426015/?acontext=%7B%22action_history%22:%22null%22%7D,Pay out (amount dependent on number of teams),,12:30pm,1:00pm,Tim Carlson,,Quads
2024,20,tiki-peach-bash-2024-03-30,Tiki Peach Bash,roguepineapplevolleyball,185lakepointpkwy|cartersville|GA,2024-03-30,beach,coed|mens|womens,4,open,,,https://fb.me/e/vuSEH3ZcW,"$2,500.00",,,,TBD,,Quads
2024,21,tobey-park-same-sex-beach-doubles-2024-03-30,Tobey Park Same Sex Beach Doubles,901volleyball,2599averyave|memphis|TN,2024-03-30,beach,mens|womens,2,open|a,8000,per_team,https://fb.me/e/46eBVFuFU,,,,,Katie Mary,,Doubles
2024,22,bigfoot-battle-grass-vb-tournament-campout-weekend-2024-04-0,Bigfoot Battle Grass VB Tournament & Campout Weekend,roguepineapplevolleyballvollis,518brawleyroad|tracycity|TN,2024-04-06,grass,mens|womens,4,open,,,https://fb.me/e/90Zc99ECt,TBD,,TBD,TBD,Daniel Phillips & Jay Dorsey,,Quads
2024,23,spring-bling-grass-volleyball-tournaments-2024-04-06,Spring Bling Grass Volleyball Tournaments,roguepineapplevolleyball,990hurtrd|austell|GA,2024-04-06,grass,mens|womens,3,open|a|bb,,,https://fb.me/e/1cVr2shgZ,,,,,Daniel Phillips,,Trips
2024,24,nashville-beach-same-sex-doubles-2024-04-06,Nashville Beach Same Sex Doubles,nashvillebeach,7531bidwellrd|joelton|TN,2024-04-06,beach,mens|womens,2,aa|bb,,,https://www.hometeamsonline.com/teams/default.asp?u=NASHVILLEBEACH&s=htosports&p=registration&formID=193508,,,-,-,Roman & Janice,,Doubles
2024,25,bigfoot-battle-grass-vb-tournament-campout-weekend-2024-04-0-2,Bigfoot Battle Grass VB Tournament & Campout Weekend,roguepineapplevolleyballvollis,518brawleyroad|tracycity|TN,2024-04-07,grass,coed,4,open|aa|bb,,,https://fb.me/e/90Zc99ECt,"$6,000.00",,TBD,TBD,Daniel Phillips & Jay Dorsey,,Quads
2024,26,mtsu-co-ed-quads-2024-04-07,MTSU Co-ed Quads,ashleighmoffett,1848blueraiderdr|murfreesboro|TN,2024-04-07,indoor,coed,4,open,16000,per_team,https://fb.me/e/1QxySST6O,"$2,000.00",,8:30:00 AM,9:00:00 AM,Ashleigh Moffett,,Quads
2024,27,spring-bling-grass-volleyball-tournaments-2024-04-07,Spring Bling Grass Volleyball Tournaments,roguepineapplevolleyball,990hurtrd|austell|GA,2024-04-07,grass,coed,2,open|a|bb,,,https://fb.me/e/1cVr2shgZ,,,,,Daniel Phillips,,Doubles
2024,28,nashville-beach-co-ed-doubles-2024-04-07,Nashville Beach Co-ed Doubles,nashvillebeach,7531bidwellrd|joelton|TN,2024-04-07,beach,coed,2,aa|bb,,,https://www.hometeamsonline.com/teams/default.asp?u=NASHVILLEBEACH&s=htosports&p=registration&formID=193508,,,,,Roman & Janice,,Doubles
2024,29,g-vegas-co-ed-doubles-2024-04-13,G-Vegas Co-ed Doubles,gvegas,8109whitehorserd|greenville|SC,2024-04-13,grass,coed,2,open|aa|a|bb|b,9000,per_team,Volleyball Event (avpamerica.com),,,,,Frank McCravy,,Doubles
2024,30,nashville-beach-same-sex-doubles-2024-04-13,Nashville Beach Same Sex Doubles,nashvillebeach,7531bidwellrd|joelton|TN,2024-04-13,beach,mens|womens,2,aa|bb,,,https://www.hometeamsonline.com/teams/default.asp?u=NASHVILLEBEACH&s=htosports&p=registration&formID=193508,,,-,-,Roman & Janice,,Doubles
2024,31,g-vegas-same-sex-trips-2024-04-14,G-Vegas Same Sex Trips,gvegas,8109whitehorserd|greenville|SC,2024-04-14,grass,mens|womens,3,open|a|bb|b,13500,per_team,Volleyball Event (avpamerica.com),,,,,Frank McCravy,,Trips
2024,32,nashville-beach-co-ed-doubles-2024-04-14,Nashville Beach Co-ed Doubles,nashvillebeach,7531bidwellrd|joelton|TN,2024-04-14,beach,coed,2,aa|bb,,,https://www.hometeamsonline.com/teams/default.asp?u=NASHVILLEBEACH&s=htosports&p=registration&formID=193508,,,,,Roman & Janice,,Doubles
2024,33,adv-same-sex-trips-2024-04-20,ADV - Same Sex Trips,angrydragonsvolleyball,3037pleasantvalleydr|doraville|GA,2024-04-20,grass,mens|womens,3,open|a|bb|b,13500,per_team,Appointments 3 — Angry Dragon Volleyball,,,,,TBD,,Trips
2024,34,avl-hoppers-co-ed-doubles-2024-04-20,AVL Hoppers Co-ed Doubles,avlhoppers,220amboyroad|asheville|NC,2024-04-20,grass,coed,2,open|aa|a|bb|b,8000,per_team,Volleyball Event (avpamerica.com),,,8:30 AM,,TBD,,Doubles
2024,35,phelps-grove-trips-tournament-2024-04-20,Phelps Grove Trips Tournament,breekolomiza,950ebennettst|springfield|MO,2024-04-20,grass,mens|womens,3,a|b,12000,per_team,https://fb.me/e/4RewzzyDC,Cash,,9:00:00 AM,,Bree Kolomiza,,Trips
2024,36,nashville-beach-same-sex-doubles-2024-04-20,Nashville Beach Same Sex Doubles,nashvillebeach,7531bidwellrd|joelton|TN,2024-04-20,beach,mens|womens,2,aa|bb,,,https://www.hometeamsonline.com/teams/default.asp?u=NASHVILLEBEACH&s=htosports&p=registration&formID=193508,,,-,-,Roman & Janice,,Doubles
2024,37,avl-hoppers-same-sex-doubles-2024-04-21,AVL Hoppers Same Sex Doubles,avlhoppers,220amboyroad|asheville|NC,2024-04-21,grass,mens|womens,2,open|aa|a|bb|b,8000,per_team,Volleyball Event (avpamerica.com),,,8:30 AM,,TBD,,Doubles
2024,38,nashville-beach-co-ed-doubles-2024-04-21,Nashville Beach Co-ed Doubles,nashvillebeach,7531bidwellrd|joelton|TN,2024-04-21,beach,coed,2,aa|bb,,,https://www.hometeamsonline.com/teams/default.asp?u=NASHVILLEBEACH&s=htosports&p=registration&formID=193508,,,,,Roman & Janice,,Doubles
2024,39,fuds-co-ed-doubles-2024-04-24,FUDS - Co-ed Doubles,emeraldcoastvolleyball,1450miraclestrippkwyse|fortwaltonbeach|FL,2024-04-24,beach,coed,2,,10000,per_team,,Merchandise & Prizes,,,,Mike Minich,,Doubles
2024,40,fuds-same-sex-doubles-2024-04-25,FUDS - Same Sex Doubles,emeraldcoastvolleyball,1450miraclestrippkwyse|fortwaltonbeach|FL,2024-04-25,beach,mens|womens,2,,10000,per_team,,Merchandise & Prizes,,,,Mike Minich,,Doubles
2024,41,fuds-co-ed-quads-2024-04-26,FUDS - Co-ed Quads,emeraldcoastvolleyball,1450miraclestrippkwyse|fortwaltonbeach|FL,2024-04-26,beach,coed,4,,40000,per_team,,Merchandise & Prizes,,,,Mike Minich,,Quads
2024,42,the-clash-2024-04-27,The Clash,columbiavolleyball,6071standrewsroad|columbia|SC,2024-04-27,grass,coed,2,open|a|bb|b,,,Columbia Volleyball Club,$600+,,,,-,,Doubles
2024,43,fuds-same-sex-quads-2024-04-27,FUDS - Same Sex Quads,emeraldcoastvolleyball,1450miraclestrippkwyse|fortwaltonbeach|FL,2024-04-27,beach,mens|womens,4,,40000,per_team,,"$1,000.00",,,,Mike Minich,,Quads
2024,44,the-clash-2024-04-28,The Clash,columbiavolleyball,6071standrewsroad|columbia|SC,2024-04-28,grass,mens|womens,3,open|a|bb|b,,,Columbia Volleyball Club,"$20,000+",,,,-,,Trips
2024,45,nashville-beach-co-ed-doubles-2024-04-28,Nashville Beach Co-ed Doubles,nashvillebeach,7531bidwellrd|joelton|TN,2024-04-28,beach,coed,2,aa|bb,,,https://www.hometeamsonline.com/teams/default.asp?u=NASHVILLEBEACH&s=htosports&p=registration&formID=193508,,,,,Roman & Janice,,Doubles
2024,46,upstate-legacy-may-grass-tournament-2024-05-04,Upstate Legacy May Grass Tournament,upstatelegacy,nettlespark|clemson|SC,2024-05-04,grass,coed,2,open|a|bb|b,9500,per_team,Volleyball Life,,,,,-,,Doubles
2024,47,nashville-beach-same-sex-doubles-2024-05-04,Nashville Beach Same Sex Doubles,nashvillebeach,7531bidwellrd|joelton|TN,2024-05-04,beach,mens|womens,2,open|bb,,,https://www.hometeamsonline.com/teams/default.asp?u=NASHVILLEBEACH&s=htosports&p=registration&formID=193508,,,-,-,Roman & Janice,,Doubles
2024,48,upstate-legacy-may-grass-tournament-2024-05-05,Upstate Legacy May Grass Tournament,upstatelegacy,nettlespark|clemson|SC,2024-05-05,grass,mens|womens,2,open|a|bb|b,9500,per_team,Volleyball Life,,,,,-,,Doubles
2024,49,jacob-smith-s-annual-same-sex-grass-trips-2024-05-05,Jacob Smith's Annual Same Sex Grass Trips,jacobsmith,5805westtrimbleroad|milton|TN,2024-05-05,grass,mens|womens,3,open,12000,per_team,https://fb.me/e/9T9zvb1xh,Stack of cash,,8:30,9:00,Jacob Smith,,Trips
2024,50,nashville-beach-co-ed-doubles-2024-05-05,Nashville Beach Co-ed Doubles,nashvillebeach,7531bidwellrd|joelton|TN,2024-05-05,beach,coed,2,open|a,,,https://www.hometeamsonline.com/teams/default.asp?u=NASHVILLEBEACH&s=htosports&p=registration&formID=193508,,,,,Roman & Janice,,Doubles
2024,51,chucktown-grass-co-ed-doubles-2024-05-11,Chucktown Grass Co-ed Doubles,chucktownvolleyball,hanahanpark|charleston|SC,2024-05-11,grass,coed,2,open|a|bb|b,,,(2) Facebook,,,,,-,,Doubles
2024,52,nashville-beach-same-sex-doubles-2024-05-11,Nashville Beach Same Sex Doubles,nashvillebeach,7531bidwellrd|joelton|TN,2024-05-11,beach,mens|womens,2,aa|bb,,,https://www.hometeamsonline.com/teams/default.asp?u=NASHVILLEBEACH&s=htosports&p=registration&formID=193508,,,-,-,Roman & Janice,,Doubles
2024,53,ssova-st-pete-beach-same-sex-doubles-2024-05-11,SSOVA St. Pete Beach Same Sex Doubles,ssova,4900gulfblvd|stpetebeach|FL,2024-05-11,beach,mens|womens,2,open|aaa|aa|a|bb|b,15000,per_team,,,,,,Director@SSOVA.com 727-380-1168,,Doubles
2024,54,chucktown-grass-same-sex-trips-2024-05-12,Chucktown Grass Same Sex Trips,chucktownvolleyball,hanahanpark|charleston|SC,2024-05-12,grass,mens|womens,3,open|a|bb|b,,,(2) Facebook,,,,,-,,Trips
2024,55,nashville-beach-co-ed-doubles-2024-05-12,Nashville Beach Co-ed Doubles,nashvillebeach,7531bidwellrd|joelton|TN,2024-05-12,beach,coed,2,aa|bb,,,https://www.hometeamsonline.com/teams/default.asp?u=NASHVILLEBEACH&s=htosports&p=registration&formID=193508,,,,,Roman & Janice,,Doubles
2024,56,ssova-st-pete-beach-co-ed-doubles-2024-05-12,SSOVA St. Pete Beach Co-ed Doubles,ssova,4900gulfblvd|stpetebeach|FL,2024-05-12,beach,coed,2,aa|a|bb,15000,per_team,,,,,,Director@SSOVA.com 727-380-1168,,Doubles
2024,57,under-the-lights-co-ed-doubles-2024-05-17,Under The Lights Co-ed Doubles,hydenbeach,5191joepeayrd|springhill|TN,2024-05-17,beach,coed,2,aa|bb,2500,per_team,,,,,,Kristen Deonarine,,Doubles
2024,58,adv-mayham-reverse-co-ed-2024-05-18,ADV Mayham - Reverse Co-ed,angrydragonsvolleyball,3037pleasantvalleydr|doraville|GA,2024-05-18,grass,coed,2,open|a|bb,9000,per_team,Appointments 3 — Angry Dragon Volleyball,,,,,-,,Reverse Co-ed Doubles
2024,59,soda-city-classic-2024-05-18,Soda City Classic,sodacityclassic,cityonly|columbia|SC,2024-05-18,grass,mens|womens,3,open|a|bb|b,,,,,,,,-,,Trips
2024,60,nashville-beach-same-sex-doubles-2024-05-18,Nashville Beach Same Sex Doubles,nashvillebeach,7531bidwellrd|joelton|TN,2024-05-18,beach,mens|womens,2,open|bb,,,https://www.hometeamsonline.com/teams/default.asp?u=NASHVILLEBEACH&s=htosports&p=registration&formID=193508,,,-,-,Roman & Janice,,Doubles
2024,61,ssova-clearwater-beach-same-sex-doubles-2024-05-18,SSOVA Clearwater Beach Same Sex Doubles,ssova,4rockawayst|clearwater|FL,2024-05-18,beach,mens|womens,2,open|aaa|aa|a|bb|b,15000,per_team,,,,,,Director@SSOVA.com 727-380-1168,,Doubles
2024,62,soda-city-classic-2024-05-19,Soda City Classic,sodacityclassic,cityonly|columbia|SC,2024-05-19,grass,coed,2,open|a|bb|b,,,,,,,,-,,Doubles
2024,63,nashville-beach-co-ed-doubles-2024-05-19,Nashville Beach Co-ed Doubles,nashvillebeach,7531bidwellrd|joelton|TN,2024-05-19,beach,coed,2,open|a,,,https://www.hometeamsonline.com/teams/default.asp?u=NASHVILLEBEACH&s=htosports&p=registration&formID=193508,,,,,Roman & Janice,,Doubles
2024,64,ssova-clearwater-beach-co-ed-doubles-2024-05-19,SSOVA Clearwater Beach Co-ed Doubles,ssova,4rockawayst|clearwater|FL,2024-05-19,beach,coed,2,aa|a|bb,15000,per_team,,,,,,Director@SSOVA.com 727-380-1168,,Doubles
2024,65,under-the-lights-king-queen-of-the-court-avpa-2024-05-24,Under The Lights King & Queen of the Court (AVPA),hydenbeach,5191joepeayrd|springhill|TN,2024-05-24,beach,mens|womens,2,aa|bb,2500,per_team,,,,,,Kristen Deonarine,,Doubles
2024,66,usa-volleyball-open-national-championship-opens-2024-05-24,USA Volleyball Open National Championship (Opens),usavolleyball,400nhighst|columbus|OH,2024-05-24,indoor,coed|mens|womens,6,open|aa|a|bb,,,,,,,,,,Sixes
2024,67,g-vegas-2024-05-25,G-Vegas,gvegas,8109whitehorserd|greenville|SC,2024-05-25,grass,coed,2,open|a|bb|b,9000,per_team,Volleyball Event (avpamerica.com),,,,,Frank McCravy,,Doubles
2024,68,volleybums-2024-05-25,VolleyBums,volleybums,cityonly|columbia|SC,2024-05-25,grass,mens|womens,2,open|a|bb|b,,,Services 1 — VolleyBums,,,,,-,,Doubles
2024,69,usa-volleyball-open-national-championship-opens-2024-05-25,USA Volleyball Open National Championship (Opens),usavolleyball,400nhighst|columbus|OH,2024-05-25,indoor,coed|mens|womens,6,open|aa|a|bb,,,,,,,,,,Sixes
2024,70,cumberland-university-co-ed-grass-quads-2024-05-25,Cumberland University Co-ed Grass Quads,cumberlanduniversity,1cumberlanddrive|lebanon|TN,2024-05-25,grass,coed,4,open,4500,per_team,,Cash,,8:00:00 AM,9:00:00 AM,TBD,,Quads
2024,71,grass-coed-4s-pt-ii-2024-05-25,Grass Coed 4s pt II,tim,151emainstreet|hendersonville|TN,2024-05-25,grass,coed,4,open|aa|a|bb|b,14000,per_team,https://www.facebook.com/events/1152173352632539/?acontext=%7B%22action_history%22:%22null%22%7D,Pay out proportionate to number of teams,,8:30,9:00,Timothy Spurgeon Carlson,,Quads
2024,72,nashville-beach-same-sex-doubles-2024-05-26,Nashville Beach Same Sex Doubles,nashvillebeach,7531bidwellrd|joelton|TN,2024-05-26,beach,mens|womens,2,aa|bb,,,https://www.hometeamsonline.com/teams/default.asp?u=NASHVILLEBEACH&s=htosports&p=registration&formID=193508,,,-,-,Roman & Janice,,Doubles
2024,73,g-vegas-2024-05-26,G-Vegas,gvegas,8109whitehorserd|greenville|SC,2024-05-26,grass,mens|womens,3,open|a|bb|b,13500,per_team,Volleyball Event (avpamerica.com),,,,,Frank McCravy,,Trips
2024,74,volleybums-2024-05-26,VolleyBums,volleybums,cityonly|columbia|SC,2024-05-26,grass,coed,2,open|a|bb|b,,,Services 1 — VolleyBums,,,,,-,,Doubles
2024,75,usa-volleyball-open-national-championship-opens-2024-05-26,USA Volleyball Open National Championship (Opens),usavolleyball,400nhighst|columbus|OH,2024-05-26,indoor,coed|mens|womens,6,open|aa|a|bb,,,,,,,,,,Sixes
2024,76,usa-volleyball-open-national-championship-opens-2024-05-27,USA Volleyball Open National Championship (Opens),usavolleyball,400nhighst|columbus|OH,2024-05-27,indoor,coed|mens|womens,6,open|aa|a|bb,,,,,,,,,,Sixes
2024,77,usa-volleyball-open-national-championship-opens-2024-05-28,USA Volleyball Open National Championship (Opens),usavolleyball,400nhighst|columbus|OH,2024-05-28,indoor,coed|mens|womens,6,open|aa|a|bb,,,,,,,,,,Sixes
2024,78,usa-volleyball-open-national-championship-opens-2024-05-29,USA Volleyball Open National Championship (Opens),usavolleyball,400nhighst|columbus|OH,2024-05-29,indoor,coed|mens|womens,6,open|aa|a|bb,,,,,,,,,,Sixes
2024,79,springfield-splash-m-w-doubles-2024-05-31,Springfield Splash M & W Doubles,springfieldsplash,allisonsportstown209airportblvd|springfield|MO,2024-05-31,grass,mens|womens,2,a|b,5000,per_team,www.springfieldsplash.com,Cash Payout and gear,,1pm,1:30pm,Bree Kolomiza,,Doubles
2024,80,nashville-beach-same-sex-doubles-2024-06-01,Nashville Beach Same Sex Doubles,nashvillebeach,7531bidwellrd|joelton|TN,2024-06-01,beach,mens|womens,2,open|a,,,https://www.hometeamsonline.com/teams/default.asp?u=NASHVILLEBEACH&s=htosports&p=registration&formID=193508,,,-,-,Roman & Janice,,Doubles
2024,81,ssova-sieata-key-same-sex-doubles-2024-06-01,SSOVA Sieata Key Same Sex Doubles,ssova,948beachrd|sarasota|FL,2024-06-01,beach,mens|womens,2,open|aaa|aa|a|bb|b,15000,per_team,,,,,,Director@SSOVA.com 727-380-1168,,Doubles
2024,82,under-the-lights-king-queen-of-the-court-avpa-2024-06-01,Under The Lights King & Queen of the Court (AVPA),hydenbeach,5191joepeayrd|springhill|TN,2024-06-01,beach,mens|womens,2,aa|bb,2500,per_team,,,,,,Kristen Deonarine,,Doubles
2024,83,evansville-grass-showdown-2024-06-01,Evansville Grass Showdown,aarondrury,wesselmans|evansville|IN,2024-06-01,grass,mens,3,open,12000,per_team,,1000,,830,830,Aaron drury,,Trips
2024,84,evansville-grass-showdown-2024-06-01-2,Evansville Grass Showdown,aarondrury,wesselmans|evansville|IN,2024-06-01,grass,womens,4,open,12000,per_team,,1000,,830,830,Aaron drury,,Quads
2024,85,springfield-splash-open-triples-grass-volleyball-tournament-,Springfield Splash Open Triples Grass Volleyball Tournament,springfieldsplash,allisonsportstown209airportblvd|springfield|MO,2024-06-01,grass,mens|womens,3,open|a|b,6500,per_team,www.springfieldsplash.com,Cash payout & gear,,9am,9:30am,Bree Kolomiza,,Trips
2024,86,nashville-beach-co-ed-doubles-2024-06-02,Nashville Beach Co-ed Doubles,nashvillebeach,7531bidwellrd|joelton|TN,2024-06-02,beach,coed,2,open|a,,,https://www.hometeamsonline.com/teams/default.asp?u=NASHVILLEBEACH&s=htosports&p=registration&formID=193508,,,,,Roman & Janice,,Doubles
2024,87,ssova-sieasta-key-co-ed-doubles-2024-06-02,SSOVA Sieasta Key Co-ed Doubles,ssova,948beachrd|sarasota|FL,2024-06-02,beach,coed,2,aa|a|bb,15000,per_team,,,,,,Director@SSOVA.com 727-380-1168,,Doubles
2024,88,springfield-splash-coed-quads-grass-volleyball-tournament-20,Springfield Splash Coed Quads Grass Volleyball Tournament,springfieldsplash,allisonsportstown209airportblvd|springfield|MO,2024-06-02,grass,coed,4,a|b,20000,per_team,www.springfieldsplash.com,Cash payout & gear,,9am,9:30am,Bree Kolomiza,,Quads
2024,89,the-1776er-2024-06-03,The 1776er,tim,745caldwelldrive|goodlettsville|TN,2024-06-03,beach,coed,4,open|aa|a|bb|b,20000,per_team,https://www.facebook.com/events/408810571765123/?acontext=%7B%22action_history%22:%22null%22%7D,"Winners split $1,776 and get trophies. Second place also gets paid, and every participant gets a t-shirt.",,11:15am,12:00pm,Timothy Spurgeon Carlson,,Quads
2024,90,adv-dragon-slayer-day-1-2024-06-08,ADV Dragon Slayer - Day 1,angrydragonsvolleyball,3037pleasantvalleydr|doraville|GA,2024-06-08,grass,mens|womens,2,open|a|bb,9000,per_team,Appointments 3 — Angry Dragon Volleyball,,,,,-,,Doubles
2024,91,nashville-beach-same-sex-doubles-2024-06-08,Nashville Beach Same Sex Doubles,nashvillebeach,7531bidwellrd|joelton|TN,2024-06-08,beach,mens|womens,2,aa|bb,,,https://www.hometeamsonline.com/teams/default.asp?u=NASHVILLEBEACH&s=htosports&p=registration&formID=193508,,,-,-,Roman & Janice,,Doubles
2024,92,ssova-st-pete-beach-same-sex-doubles-2024-06-08,SSOVA St. Pete Beach Same Sex Doubles,ssova,6850beachplaza|stpetebeach|FL,2024-06-08,beach,mens|womens,2,open|aaa|aa|a|bb|b,15000,per_team,,,,,,Director@SSOVA.com 727-380-1168,,Doubles
2024,93,adv-dragon-slayer-day-2-2024-06-09,ADV Dragon Slayer - Day 2,angrydragonsvolleyball,3037pleasantvalleydr|doraville|GA,2024-06-09,grass,coed,3,open|a|bb,13500,per_team,Appointments 3 — Angry Dragon Volleyball,,,,,-,,Reverse Co-ed Triples
2024,94,nashville-beach-co-ed-doubles-2024-06-09,Nashville Beach Co-ed Doubles,nashvillebeach,7531bidwellrd|joelton|TN,2024-06-09,beach,coed,2,aa|bb,,,https://www.hometeamsonline.com/teams/default.asp?u=NASHVILLEBEACH&s=htosports&p=registration&formID=193508,,,,,Roman & Janice,,Doubles
2024,95,ssova-st-pete-beach-co-ed-doubles-2024-06-09,SSOVA St. Pete Beach Co-ed Doubles,ssova,6850beachplaza|stpetebeach|FL,2024-06-09,beach,coed,2,aa|a|bb,15000,per_team,,,,,,Director@SSOVA.com 727-380-1168,,Doubles
2024,96,under-the-lights-co-ed-doubles-avpa-2024-06-14,Under The Lights Co-ed Doubles (AVPA),hydenbeach,5191joepeayrd|springhill|TN,2024-06-14,beach,coed,2,aa|bb,2500,per_team,,,,,,Kristen Deonarine,,Doubles
2024,97,chucktown-grass-same-sex-trips-2024-06-15,Chucktown Grass Same Sex Trips,chucktownvolleyball,cityonly|charleston|SC,2024-06-15,grass,mens|womens,2,open|a|bb|b,,,https://www.facebook.com/chucktownvolleyball/events,,,,,-,,Doubles
2024,98,nashville-beach-same-sex-doubles-2024-06-15,Nashville Beach Same Sex Doubles,nashvillebeach,7531bidwellrd|joelton|TN,2024-06-15,beach,mens|womens,2,open|a,,,https://www.hometeamsonline.com/teams/default.asp?u=NASHVILLEBEACH&s=htosports&p=registration&formID=193508,,,-,-,Roman & Janice,,Doubles
2024,99,chucktown-grass-co-ed-doubles-2024-06-16,Chucktown Grass Co-ed Doubles,chucktownvolleyball,cityonly|charleston|SC,2024-06-16,grass,coed,2,open|a|bb|b,,,https://www.facebook.com/chucktownvolleyball/events,,,,,-,,Doubles
2024,100,nashville-beach-co-ed-doubles-2024-06-16,Nashville Beach Co-ed Doubles,nashvillebeach,7531bidwellrd|joelton|TN,2024-06-16,beach,coed,2,open|a,,,https://www.hometeamsonline.com/teams/default.asp?u=NASHVILLEBEACH&s=htosports&p=registration&formID=193508,,,,,Roman & Janice,,Doubles
2024,101,pottstown-rumble-2024-06-21,Pottstown Rumble,pottstownrumble,75westkingstreet|pottstown|PA,2024-06-21,grass,coed|mens|womens,2|3,open|aaa|aa|a|bb|b,,,,,,,,,,"Doubles, Trips"
2024,102,under-the-lights-king-queen-of-the-court-2024-06-22,Under The Lights King & Queen of the Court,hydenbeach,5191joepeayrd|springhill|TN,2024-06-22,beach,mens|womens,2,aa|bb,2500,per_team,,,,,,Kristen Deonarine,,Doubles
2024,103,2024-triplesfest-grass-tournament-2024-06-22,2024 Triplesfest Grass Tournament,playerssportsocial,tbd|milwaukee|WI,2024-06-22,grass,mens,3,open,12000,per_team,https://www.playerssports.net/league/69588/details,Cash,,,,-,,Trips
2024,104,nashville-beach-same-sex-doubles-2024-06-22,Nashville Beach Same Sex Doubles,nashvillebeach,7531bidwellrd|joelton|TN,2024-06-22,beach,mens|womens,2,aa|bb,,,https://www.hometeamsonline.com/teams/default.asp?u=NASHVILLEBEACH&s=htosports&p=registration&formID=193508,,,-,-,Roman & Janice,,Doubles
2024,105,same-sex-grass-4s-pt-ii-2024-06-22,Same Sex Grass 4s pt II,tim,151emainstreet|hendersonville|TN,2024-06-22,grass,mens|womens,4,open|aa|a|bb|b,14000,per_team,https://www.facebook.com/events/406081528856922/?acontext=%7B%22action_history%22:%22null%22%7D,Payout proportionate to number of teams.,,8:30am,9:00am,Timothy Spurgeon Carlson,,Quads
2024,106,nashville-beach-co-ed-doubles-2024-06-23,Nashville Beach Co-ed Doubles,nashvillebeach,7531bidwellrd|joelton|TN,2024-06-23,beach,coed,2,aa|bb,,,https://www.hometeamsonline.com/teams/default.asp?u=NASHVILLEBEACH&s=htosports&p=registration&formID=193508,,,,,Roman & Janice,,Doubles
2024,107,under-the-lights-king-queen-of-the-court-avpa-2024-06-28,Under The Lights King & Queen of the Court (AVPA),hydenbeach,5191joepeayrd|springhill|TN,2024-06-28,beach,mens|womens,2,aa|bb,2500,per_team,,,,,,Kristen Deonarine,,Doubles
2024,108,volleybums-2024-06-29,VolleyBums,volleybums,cityonly|columbia|SC,2024-06-29,grass,mens|womens,2,open|a|bb|b,,,Services 1 — VolleyBums,,,,,-,,Doubles
2024,109,nashville-beach-same-sex-doubles-2024-06-29,Nashville Beach Same Sex Doubles,nashvillebeach,7531bidwellrd|joelton|TN,2024-06-29,beach,mens|womens,2,open|a,,,https://www.hometeamsonline.com/teams/default.asp?u=NASHVILLEBEACH&s=htosports&p=registration&formID=193508,,,-,-,Roman & Janice,,Doubles
2024,110,ssova-treasure-island-same-sex-doubles-2024-06-29,SSOVA Treasure Island Same Sex Doubles,ssova,10650gulfblvd|treasureisland|FL,2024-06-29,beach,mens|womens,2,open|aaa|aa|a|bb|b,15000,per_team,,,,,,Director@SSOVA.com 727-380-1168,,Doubles
2024,111,regular-reverse-grass-coed-4s-pt-iii-2024-06-29,Regular & Reverse Grass Coed 4s pt III,tim,151emainstreet|hendersonville|TN,2024-06-29,grass,reverse_coed,4,open|aa|a|bb|b,14000,per_team,https://www.facebook.com/events/737222301661617/?acontext=%7B%22action_history%22:%22null%22%7D,Payout proportionate to number of teams.,,8:30am,9:00am,Timothy Spurgeon Carlson,,Quads
2024,112,volleybums-2024-06-30,VolleyBums,volleybums,cityonly|columbia|SC,2024-06-30,grass,coed,2,open|a|bb|b,,,Services 1 — VolleyBums,,,,,-,,RevCo Doubles
2024,113,nashville-beach-co-ed-doubles-2024-06-30,Nashville Beach Co-ed Doubles,nashvillebeach,7531bidwellrd|joelton|TN,2024-06-30,beach,coed,2,open|a,,,https://www.hometeamsonline.com/teams/default.asp?u=NASHVILLEBEACH&s=htosports&p=registration&formID=193508,,,,,Roman & Janice,,Doubles
2024,114,ssova-treasure-island-co-ed-doubles-2024-06-30,SSOVA Treasure Island Co-ed Doubles,ssova,10650gulfblvd|treasureisland|FL,2024-06-30,beach,coed,2,aa|a|bb,15000,per_team,,,,,,Director@SSOVA.com 727-380-1168,,Doubles
2024,115,under-the-lights-co-ed-doubles-avpa-2024-07-05,Under The Lights Co-ed Doubles (AVPA),hydenbeach,5191joepeayrd|springhill|TN,2024-07-05,beach,coed,2,aa|bb,2500,per_team,,,,,,Kristen Deonarine,,Doubles
2024,116,avl-hoppers-grass-same-sex-doubles-2024-07-06,AVL Hoppers Grass Same Sex Doubles,avlhoppers,cityonly|asheville|NC,2024-07-06,grass,mens|womens,2,open|a|bb|b,,,Volleyball Event (avpamerica.com),,,,,-,,Doubles
2024,117,nashville-beach-same-sex-doubles-2024-07-06,Nashville Beach Same Sex Doubles,nashvillebeach,7531bidwellrd|joelton|TN,2024-07-06,beach,mens|womens,2,open|a,,,https://www.hometeamsonline.com/teams/default.asp?u=NASHVILLEBEACH&s=htosports&p=registration&formID=193508,,,-,-,Roman & Janice,,Doubles
2024,118,ssova-st-pete-beach-same-sex-doubles-2024-07-06,SSOVA St. Pete Beach Same Sex Doubles,ssova,6850beachplaza|stpetebeach|FL,2024-07-06,beach,mens|womens,2,open|aaa|aa|a|bb|b,15000,per_team,,,,,,Director@SSOVA.com 727-380-1168,,Doubles
2024,119,same-sex-grass-4s-pt-iii-2024-07-06,Same Sex Grass 4s pt III,tim,151emainstreet|hendersonville|TN,2024-07-06,grass,mens|womens,4,open|aa|a|bb|b,14000,per_team,https://www.facebook.com/events/816062143753327/?acontext=%7B%22action_history%22:%22null%22%7D,Payout proportionate to number of teams.,,8:30am,9:00am,Timothy Spurgeon Carlson,,Quads
2024,120,avl-hoppers-grass-co-ed-doubles-2024-07-07,AVL Hoppers Grass Co-ed Doubles,avlhoppers,cityonly|asheville|NC,2024-07-07,grass,coed,2,open|a|bb|b,,,Volleyball Event (avpamerica.com),,,,,-,,Doubles
2024,121,nashville-beach-co-ed-doubles-2024-07-07,Nashville Beach Co-ed Doubles,nashvillebeach,7531bidwellrd|joelton|TN,2024-07-07,beach,coed,2,open|a,,,https://www.hometeamsonline.com/teams/default.asp?u=NASHVILLEBEACH&s=htosports&p=registration&formID=193508,,,,,Roman & Janice,,Doubles
2024,122,ssova-st-pete-beach-co-ed-doubles-2024-07-07,SSOVA St. Pete Beach Co-ed Doubles,ssova,6850beachplaza|stpetebeach|FL,2024-07-07,beach,coed,2,aa|a|bb,15000,per_team,,,,,,Director@SSOVA.com 727-380-1168,,Doubles
2024,123,upstate-legacy-july-grass-tournament-2024-07-13,Upstate Legacy July Grass Tournament,upstatelegacy,cityonly|clemson|SC,2024-07-13,grass,coed,2,open|a|bb|b,,,Upstate Legacy (upstatelegacyvb.com),,,,,-,,Doubles
2024,124,upstate-legacy-july-grass-tournament-2024-07-14,Upstate Legacy July Grass Tournament,upstatelegacy,cityonly|clemson|SC,2024-07-14,grass,mens|womens,3,open|a|bb|b,,,Upstate Legacy (upstatelegacyvb.com),,,,,-,,Trips
2024,125,nashville-beach-co-ed-doubles-2024-07-14,Nashville Beach Co-ed Doubles,nashvillebeach,7531bidwellrd|joelton|TN,2024-07-14,beach,coed,2,aa|bb,,,https://www.hometeamsonline.com/teams/default.asp?u=NASHVILLEBEACH&s=htosports&p=registration&formID=193508,,,,,Roman & Janice,,Doubles
2024,126,under-the-lights-king-queen-of-the-court-avpa-2024-07-19,Under The Lights King & Queen of the Court (AVPA),hydenbeach,5191joepeayrd|springhill|TN,2024-07-19,beach,mens|womens,2,aa|bb,2500,per_team,,,,,,Kristen Deonarine,,Doubles
2024,127,nashville-beach-same-sex-doubles-2024-07-20,Nashville Beach Same Sex Doubles,nashvillebeach,7531bidwellrd|joelton|TN,2024-07-20,beach,mens|womens,2,aa|bb,,,https://www.hometeamsonline.com/teams/default.asp?u=NASHVILLEBEACH&s=htosports&p=registration&formID=193508,,,-,-,Roman & Janice,,Doubles
2024,128,ssova-anna-maria-island-same-sex-doubles-2024-07-20,SSOVA Anna Maria Island Same Sex Doubles,ssova,2650gulfdrs|bradentonbeach|FL,2024-07-20,beach,mens|womens,2,open|aaa|aa|a|bb|b,15000,per_team,,,,,,Director@SSOVA.com 727-380-1168,,Doubles
2024,129,25th-annual-marshall-madness-volleyball-tournament-2024-07-2,25th Annual Marshall Madness Volleyball Tournament,marshallmadness,ephramwhitepark|bowlinggreen|KY,2024-07-20,grass,coed|mens|womens,2|3|6,open|bb,,,,,,,,Riley Marshall,,"Doubles, Trips, Sixes"
2024,130,25th-annual-marshall-madness-volleyball-coed-quads-division-,25th Annual Marshall Madness Volleyball Coed Quads Division,marshallmadness,ephramwhitepark|bowlinggreen|KY,2024-07-21,grass,coed,4,open,,,,,,,,Riley Marshall,,Quads
2024,131,smoky-mountain-classic-2024-07-21,Smoky Mountain Classic,roguepineapplevolleyball,7261eastlamaralexanderpkwy|townsend|TN,2024-07-21,grass,mens|womens,3,open,,,https://fb.me/e/67DOUL3yf,TBD,,,,Daniel Phillips,,Trips
2024,132,smoky-mountain-classic-2024-07-21-2,Smoky Mountain Classic,roguepineapplevolleyball,7261eastlamaralexanderpkwy|townsend|TN,2024-07-21,grass,coed,2,bb,,,https://fb.me/e/67DOUL3yf,TBD,,TBD,TBD,Daniel Phillips,,Doubles
2024,133,nashville-beach-co-ed-doubles-2024-07-21,Nashville Beach Co-ed Doubles,nashvillebeach,7531bidwellrd|joelton|TN,2024-07-21,beach,coed,2,aa|bb,,,https://www.hometeamsonline.com/teams/default.asp?u=NASHVILLEBEACH&s=htosports&p=registration&formID=193508,,,,,Roman & Janice,,Doubles
2024,134,ssova-anna-maria-island-co-ed-doubles-2024-07-21,SSOVA Anna Maria Island Co-ed Doubles,ssova,2650gulfdrs|bradentonbeach|FL,2024-07-21,beach,coed,2,aa|a|bb,15000,per_team,,,,,,Director@SSOVA.com 727-380-1168,,Doubles
2024,135,nashville-beach-same-sex-doubles-2024-07-27,Nashville Beach Same Sex Doubles,nashvillebeach,7531bidwellrd|joelton|TN,2024-07-27,beach,mens|womens,2,open|a,,,https://www.hometeamsonline.com/teams/default.asp?u=NASHVILLEBEACH&s=htosports&p=registration&formID=193508,,,-,-,Roman & Janice,,Doubles
2024,136,heatwave-same-sex-trips-2024-07-27,Heatwave - Same Sex Trips,barrysarahstutheit,323campjordanparkway|eastridge|TN,2024-07-27,grass,mens|womens,3,open|a,12000,per_team,,90% Payout,,8:15:00 AM,9:00:00 AM,Barry & Sarah Stutheit,,Trips
2024,137,nashville-beach-co-ed-doubles-2024-07-28,Nashville Beach Co-ed Doubles,nashvillebeach,7531bidwellrd|joelton|TN,2024-07-28,beach,coed,2,open|a,,,https://www.hometeamsonline.com/teams/default.asp?u=NASHVILLEBEACH&s=htosports&p=registration&formID=193508,,,,,Roman & Janice,,Doubles
2024,138,knoxville-high-low-tournament-2024-07-28,Knoxville High-Low Tournament,kawas,268communityparkrd|seymour|TN,2024-07-28,grass,reverse_coed,2,open,8000,per_team,https://fb.me/1PZNTThhtG35JMy,"Upper- 1st $460, Upper 2nd- 240, Lower 1st-$120, Lower 2nd- $60",,8:30am,9:00am,Sarah & Mike Kawa,,Doubles
2024,139,nashville-beach-same-sex-doubles-2024-08-03,Nashville Beach Same Sex Doubles,nashvillebeach,7531bidwellrd|joelton|TN,2024-08-03,beach,mens|womens,2,aa|bb,,,https://www.hometeamsonline.com/teams/default.asp?u=NASHVILLEBEACH&s=htosports&p=registration&formID=193508,,,-,-,Roman & Janice,,Doubles
2024,140,ssova-clearwater-beach-same-sex-doubles-2024-08-03,SSOVA Clearwater Beach Same Sex Doubles,ssova,7rockawayst|clearwater|FL,2024-08-03,beach,mens|womens,2,open|aaa|aa|a|bb|b,15000,per_team,,,,,,Director@SSOVA.com 727-380-1168,,Doubles
2024,141,regular-reverse-coed-4s-pt-iv-2024-08-03,Regular & Reverse Coed 4s pt IV,tim,151emainstreet|hendersonville|TN,2024-08-03,grass,reverse_coed,4,open|aa|a|bb|b,14000,per_team,https://www.facebook.com/events/1798230343990201/?acontext=%7B%22action_history%22:%22null%22%7D,Payout proportionate to number of teams.,,8:30am,9:00am,Timothy Spurgeon Carlson,,Quads
2024,142,nashville-beach-co-ed-doubles-2024-08-04,Nashville Beach Co-ed Doubles,nashvillebeach,7531bidwellrd|joelton|TN,2024-08-04,beach,coed,2,aa|bb,,,https://www.hometeamsonline.com/teams/default.asp?u=NASHVILLEBEACH&s=htosports&p=registration&formID=193508,,,,,Roman & Janice,,Doubles
2024,143,ssova-clearwater-beach-co-ed-doubles-2024-08-04,SSOVA Clearwater Beach Co-ed Doubles,ssova,7rockawayst|clearwater|FL,2024-08-04,beach,coed,2,aa|a|bb,15000,per_team,,,,,,Director@SSOVA.com 727-380-1168,,Doubles
2024,144,nashville-beach-same-sex-doubles-2024-08-10,Nashville Beach Same Sex Doubles,nashvillebeach,7531bidwellrd|joelton|TN,2024-08-10,beach,mens|womens,2,open|a,,,https://www.hometeamsonline.com/teams/default.asp?u=NASHVILLEBEACH&s=htosports&p=registration&formID=193508,,,-,-,Roman & Janice,,Doubles
2024,145,nashville-beach-co-ed-doubles-2024-08-11,Nashville Beach Co-ed Doubles,nashvillebeach,7531bidwellrd|joelton|TN,2024-08-11,beach,coed,2,open|a,,,https://www.hometeamsonline.com/teams/default.asp?u=NASHVILLEBEACH&s=htosports&p=registration&formID=193508,,,,,Roman & Janice,,Doubles
2024,146,nashville-beach-same-sex-doubles-2024-08-17,Nashville Beach Same Sex Doubles,nashvillebeach,7531bidwellrd|joelton|TN,2024-08-17,beach,mens|womens,2,aa|bb,,,https://www.hometeamsonline.com/teams/default.asp?u=NASHVILLEBEACH&s=htosports&p=registration&formID=193508,,,-,-,Roman & Janice,,Doubles
2024,147,ssova-st-pete-beach-same-sex-doubles-2024-08-17,SSOVA St. Pete Beach Same Sex Doubles,ssova,6850beachplaza|stpetebeach|FL,2024-08-17,beach,mens|womens,2,open|aaa|aa|a|bb|b,15000,per_team,,,,,,Director@SSOVA.com 727-380-1168,,Doubles
2024,148,nashville-beach-co-ed-doubles-2024-08-18,Nashville Beach Co-ed Doubles,nashvillebeach,7531bidwellrd|joelton|TN,2024-08-18,beach,coed,2,aa|bb,,,https://www.hometeamsonline.com/teams/default.asp?u=NASHVILLEBEACH&s=htosports&p=registration&formID=193508,,,,,Roman & Janice,,Doubles
2024,149,ssova-st-pete-beach-co-ed-doubles-2024-08-18,SSOVA St. Pete Beach Co-ed Doubles,ssova,6850beachplaza|stpetebeach|FL,2024-08-18,beach,coed,2,aa|a|bb,15000,per_team,,,,,,Director@SSOVA.com 727-380-1168,,Doubles
2024,150,adv-tripocalypse-2024-08-24,ADV Tripocalypse,angrydragonsvolleyball,3037pleasantvalleydr|doraville|GA,2024-08-24,grass,mens|womens,3,open|a|bb,13500,per_team,Appointments 3 — Angry Dragon Volleyball,,,,,-,,Trips
2024,151,nashville-beach-same-sex-doubles-2024-08-24,Nashville Beach Same Sex Doubles,nashvillebeach,7531bidwellrd|joelton|TN,2024-08-24,beach,mens|womens,2,open|a,,,https://www.hometeamsonline.com/teams/default.asp?u=NASHVILLEBEACH&s=htosports&p=registration&formID=193508,,,-,-,Roman & Janice,,Doubles
2024,152,nashville-beach-co-ed-doubles-2024-08-25,Nashville Beach Co-ed Doubles,nashvillebeach,7531bidwellrd|joelton|TN,2024-08-25,beach,coed,2,open|a,,,https://www.hometeamsonline.com/teams/default.asp?u=NASHVILLEBEACH&s=htosports&p=registration&formID=193508,,,,,Roman & Janice,,Doubles
2024,153,nashville-beach-same-sex-doubles-2024-08-31,Nashville Beach Same Sex Doubles,nashvillebeach,7531bidwellrd|joelton|TN,2024-08-31,beach,mens|womens,2,aa|bb,,,https://www.hometeamsonline.com/teams/default.asp?u=NASHVILLEBEACH&s=htosports&p=registration&formID=193508,,,-,-,Roman & Janice,,Doubles
2024,154,nashville-beach-co-ed-doubles-2024-09-01,Nashville Beach Co-ed Doubles,nashvillebeach,7531bidwellrd|joelton|TN,2024-09-01,beach,coed,2,aa|bb,,,https://www.hometeamsonline.com/teams/default.asp?u=NASHVILLEBEACH&s=htosports&p=registration&formID=193508,,,,,Roman & Janice,,Doubles
2024,155,nashville-beach-same-sex-doubles-2024-09-07,Nashville Beach Same Sex Doubles,nashvillebeach,7531bidwellrd|joelton|TN,2024-09-07,beach,mens|womens,2,open|a,,,https://www.hometeamsonline.com/teams/default.asp?u=NASHVILLEBEACH&s=htosports&p=registration&formID=193508,,,-,-,Roman & Janice,,Doubles
2024,156,ssova-treasure-island-beach-same-sex-doubles-2024-09-07,SSOVA Treasure Island Beach Same Sex Doubles,ssova,10650gulfblvd|treasureisland|FL,2024-09-07,beach,mens|womens,2,open|aaa|aa|a|bb|b,15000,per_team,,,,,,Director@SSOVA.com 727-380-1168,,Doubles
2024,157,nashville-beach-co-ed-doubles-2024-09-08,Nashville Beach Co-ed Doubles,nashvillebeach,7531bidwellrd|joelton|TN,2024-09-08,beach,coed,2,open|a,,,https://www.hometeamsonline.com/teams/default.asp?u=NASHVILLEBEACH&s=htosports&p=registration&formID=193508,,,,,Roman & Janice,,Doubles
2024,158,ssova-treasure-island-beach-co-ed-doubles-2024-09-08,SSOVA Treasure Island Beach Co-ed Doubles,ssova,10650gulfblvd|treasureisland|FL,2024-09-08,beach,coed,2,aa|a|bb,15000,per_team,,,,,,Director@SSOVA.com 727-380-1168,,Doubles
2024,159,nashville-beach-same-sex-doubles-2024-09-14,Nashville Beach Same Sex Doubles,nashvillebeach,7531bidwellrd|joelton|TN,2024-09-14,beach,mens|womens,2,aa|bb,,,https://www.hometeamsonline.com/teams/default.asp?u=NASHVILLEBEACH&s=htosports&p=registration&formID=193508,,,-,-,Roman & Janice,,Doubles
2024,160,nashville-beach-co-ed-doubles-2024-09-15,Nashville Beach Co-ed Doubles,nashvillebeach,7531bidwellrd|joelton|TN,2024-09-15,beach,coed,2,aa|bb,,,https://www.hometeamsonline.com/teams/default.asp?u=NASHVILLEBEACH&s=htosports&p=registration&formID=193508,,,,,Roman & Janice,,Doubles
2024,161,ssova-st-pete-beach-same-sex-doubles-2024-09-21,SSOVA St. Pete Beach Same Sex Doubles,ssova,6850beachplaza|stpetebeach|FL,2024-09-21,beach,mens|womens,2,open|aaa|aa|a|bb|b,15000,per_team,,,,,,Director@SSOVA.com 727-380-1168,,Doubles
2024,162,nashville-beach-co-ed-doubles-2024-09-22,Nashville Beach Co-ed Doubles,nashvillebeach,7531bidwellrd|joelton|TN,2024-09-22,beach,coed,2,aa|bb,,,https://www.hometeamsonline.com/teams/default.asp?u=NASHVILLEBEACH&s=htosports&p=registration&formID=193508,,,,,Roman & Janice,,Doubles
2024,163,ssova-st-pete-beach-co-ed-doubles-2024-09-22,SSOVA St. Pete Beach Co-ed Doubles,ssova,6850beachplaza|stpetebeach|FL,2024-09-22,beach,coed,2,aa|a|bb,15000,per_team,,,,,,Director@SSOVA.com 727-380-1168,,Doubles
2024,164,nashville-beach-same-sex-doubles-2024-09-28,Nashville Beach Same Sex Doubles,nashvillebeach,7531bidwellrd|joelton|TN,2024-09-28,beach,mens|womens,2,open|a,,,https://www.hometeamsonline.com/teams/default.asp?u=NASHVILLEBEACH&s=htosports&p=registration&formID=193508,,,-,-,Roman & Janice,,Doubles
2024,165,nashville-beach-co-ed-doubles-2024-09-29,Nashville Beach Co-ed Doubles,nashvillebeach,7531bidwellrd|joelton|TN,2024-09-29,beach,coed,2,open|a,,,https://www.hometeamsonline.com/teams/default.asp?u=NASHVILLEBEACH&s=htosports&p=registration&formID=193508,,,,,Roman & Janice,,Doubles
2024,166,ssova-siesta-key-same-sex-doubles-2024-10-05,SSOVA Siesta Key Same Sex Doubles,ssova,948beachrd|sarasota|FL,2024-10-05,beach,mens|womens,2,open|aaa|aa|a|bb|b,15000,per_team,,,,,,Director@SSOVA.com 727-380-1168,,Doubles
2024,167,ssova-siesta-key-beach-co-ed-doubles-2024-10-06,SSOVA Siesta Key Beach Co-ed Doubles,ssova,948beachrd|sarasota|FL,2024-10-06,beach,coed,2,aa|a|bb,15000,per_team,,,,,,Director@SSOVA.com 727-380-1168,,Doubles
2024,168,adv-volleyween-2024-10-12,ADV VolleyWeen,angrydragonsvolleyball,3037pleasantvalleydr|doraville|GA,2024-10-12,grass,coed,2|4,open|a|bb,13500,per_team,Appointments 3 — Angry Dragon Volleyball,,,,,-,,Doubles Reverse Quads
2024,169,fuds-co-ed-doubles-2024-10-16,FUDS - Co-ed Doubles,emeraldcoastvolleyball,1450miraclestrippkwyse|fortwaltonbeach|FL,2024-10-16,beach,coed,2,,10000,per_team,,Merchandise & Prizes,,,,Mike Minich,,Doubles
2024,170,fuds-same-sex-doubles-2024-10-17,FUDS - Same Sex Doubles,emeraldcoastvolleyball,1450miraclestrippkwyse|fortwaltonbeach|FL,2024-10-17,beach,mens|womens,2,,10000,per_team,,Merchandise & Prizes,,,,Mike Minich,,Doubles
2024,171,fuds-co-ed-quads-2024-10-18,FUDS - Co-ed Quads,emeraldcoastvolleyball,1450miraclestrippkwyse|fortwaltonbeach|FL,2024-10-18,beach,coed,4,,40000,per_team,,Merchandise & Prizes,,,,Mike Minich,,Quads
2024,172,nashville-beach-same-sex-doubles-2024-10-19,Nashville Beach Same Sex Doubles,nashvillebeach,7531bidwellrd|joelton|TN,2024-10-19,beach,mens|womens,2,aa|bb,,,https://www.hometeamsonline.com/teams/default.asp?u=NASHVILLEBEACH&s=htosports&p=registration&formID=193508,,,-,-,Roman & Janice,,Doubles
2024,173,fuds-same-sex-quads-2024-10-19,FUDS - Same Sex Quads,emeraldcoastvolleyball,1450miraclestrippkwyse|fortwaltonbeach|FL,2024-10-19,beach,mens|womens,4,,40000,per_team,,"$1,000.00",,,,Mike Minich,,Quads
2024,174,ssova-st-pete-beach-same-sex-doubles-2024-10-19,SSOVA St. Pete Beach Same Sex Doubles,ssova,6850beachplaza|stpetebeach|FL,2024-10-19,beach,mens|womens,2,open|aaa|aa|a|bb|b,15000,per_team,,,,,,Director@SSOVA.com 727-380-1168,,Doubles
2024,175,nashville-beach-co-ed-doubles-2024-10-20,Nashville Beach Co-ed Doubles,nashvillebeach,7531bidwellrd|joelton|TN,2024-10-20,beach,coed,2,open|a,,,https://www.hometeamsonline.com/teams/default.asp?u=NASHVILLEBEACH&s=htosports&p=registration&formID=193508,,,,,Roman & Janice,,Doubles
2024,176,ssova-st-pete-beach-co-ed-doubles-2024-10-20,SSOVA St. Pete Beach Co-ed Doubles,ssova,6850beachplaza|stpetebeach|FL,2024-10-20,beach,coed,2,aa|a|bb,15000,per_team,,,,,,Director@SSOVA.com 727-380-1168,,Doubles
2024,177,volleyween-2024-10-26,VolleyWeen,roguepineapplevolleyball,1465wboothroadextsw|marietta|GA,2024-10-26,grass,mens|womens,2,open,,,https://fb.me/e/cgJG4XMyU,TBD,,TBD,TBD,Daniel Phillips,,Doubles
2024,179,ssova-clearwater-beach-same-sex-doubles-2024-11-09,SSOVA Clearwater Beach Same Sex Doubles,ssova,7rockawayst|clearwater|FL,2024-11-09,beach,mens|womens,2,open|aaa|aa|a|bb|b,15000,per_team,,,,,,Director@SSOVA.com 727-380-1168,,Doubles
2024,180,ssova-clearwater-beach-co-ed-doubles-2024-11-10,SSOVA Clearwater Beach Co-ed Doubles,ssova,7rockawayst|clearwater|FL,2024-11-10,beach,coed,2,aa|a|bb,15000,per_team,,,,,,Director@SSOVA.com 727-380-1168,,Doubles
2024,181,ssova-st-pete-beach-same-sex-doubles-2024-11-16,SSOVA St. Pete Beach Same Sex Doubles,ssova,6850beachplaza|stpetebeach|FL,2024-11-16,beach,mens|womens,2,open|aaa|aa|a|bb|b,15000,per_team,,,,,,Director@SSOVA.com 727-380-1168,,Doubles
2024,182,ssova-st-pete-beach-co-ed-doubles-2024-11-17,SSOVA St. Pete Beach Co-ed Doubles,ssova,6850beachplaza|stpetebeach|FL,2024-11-17,beach,coed,2,aa|a|bb,15000,per_team,,,,,,Director@SSOVA.com 727-380-1168,,Doubles
2024,183,ssova-treasure-island-beach-same-sex-doubles-2024-12-07,SSOVA Treasure Island Beach Same Sex Doubles,ssova,10650gulfblvd|treasureisland|FL,2024-12-07,beach,mens|womens,2,open|aaa|aa|a|bb|b,15000,per_team,,,,,,Director@SSOVA.com 727-380-1168,,Doubles
2024,184,ssova-treasure-island-co-ed-doubles-2024-12-08,SSOVA Treasure Island Co-ed Doubles,ssova,10650gulfblvd|treasureisland|FL,2024-12-08,beach,coed,2,aa|a|bb,15000,per_team,,,,,,Director@SSOVA.com 727-380-1168,,Doubles
2024,185,ssova-st-pete-beach-same-sex-doubles-2024-12-14,SSOVA St. Pete Beach Same Sex Doubles,ssova,6850beachplaza|stpetebeach|FL,2024-12-14,beach,mens|womens,2,open|aaa|aa|a|bb|b,15000,per_team,,,,,,Director@SSOVA.com 727-380-1168,,Doubles
2024,186,ssova-st-pete-beach-co-ed-doubles-2024-12-15,SSOVA St. Pete Beach Co-ed Doubles,ssova,6850beachplaza|stpetebeach|FL,2024-12-15,beach,coed,2,aa|a|bb,15000,per_team,,,,,,Director@SSOVA.com 727-380-1168,,Doubles
2024,187,pottstown-rumble-2024-06-22,Pottstown Rumble,pottstownrumble,75westkingstreet|pottstown|PA,2024-06-22,grass,coed|mens|womens,2|3,open|aaa|aa|a|bb|b,,,,,,,,,,"Doubles, Trips"
2024,188,pottstown-rumble-2024-06-23,Pottstown Rumble,pottstownrumble,75westkingstreet|pottstown|PA,2024-06-23,grass,coed|mens|womens,2|3,open|aaa|aa|a|bb|b,,,,,,,,,,"Doubles, Trips"
