key,slug,name,contact_email,website_url,sources,contact_person,phone,facebook,schedule_2026,survey_sent,survey_responded
ultrainstinct,ultra-instinct,Ultra Instinct,,,2022,,,,,,
chucktownvolleyball,chucktown-volleyball,Chucktown Volleyball,Chucktownvolleyball@gmail.com,https://chucktown.volleyballlife.com/events,2022|2023|2024|tracker,Jasmin,,,yes,"Monday, April 27",
inoorturf,inoor-turf,Inoor Turf,,,2022,,,,,,
gvegasvolleyball,g-vegas-volleyball,G-Vegas Volleyball,frank@gvegasvb.com,https://www.gvegasvb.com/,2022|tracker,Frank McCravy,425-785-5075,,,,
ssovasandkeyvolleyball,ssova-sand-key-volleyball,SSOVA Sand Key Volleyball,,,2022,,,,,,
angrydragon,angry-dragon,Angry Dragon,,,2022,,,,,,
fudpuckers,fudpuckers,Fudpuckers,,,2022,,,,,,
clash,the-clash,The Clash,,,2022,,,,,,
kcbva,kcbva,KCBVA,,,2022|tracker,,,,,,
atown,a-town,A-Town,,,2022,,,,,,
springgrassluau,spring-grass-luau,Spring Grass Luau,,,2022,,,,,,
passiton,pass-it-on,Pass it on,,,2022,,,,,,
sodacityclassic,soda-city-classic,Soda City Classic,,,2022|2024|tracker,,,,,,
bigzatturtletap,big-z-at-turtle-tap,Big Z at Turtle Tap,,,2022,,,,,,
memorialdaygrasstourney,memorial-day-grass-tourney,Memorial Day Grass Tourney,,,2022,,,,,,
frienemies,frienemies,Frienemies,,,2022,,,,,,
orangecountycrown,orange-county-crown,Orange County Crown,,,2022,,,,,,
grasshoppergrasstourney,grasshopper-grass-tourney,Grasshopper Grass Tourney,,,2022,,,,,,
playersbeachseries,players-beach-series-1,Players Beach Series #1,,,2022,,,,,,
springthaw,spring-thaw,Spring Thaw,,,2022,,,,,,
raidersopen,the-raiders-open,The Raiders Open,,,2022,,,,,,
beachslap,beach-slap,Beach Slap,,,2022,,,,,,
triplefest,triplefest,Triplefest,,,2022,,,,,,
pottstownrumble,pottstown-rumble,Pottstown Rumble,,,2022|2024|tracker,,,,,,
waupacawarmup,waupaca-warmup,Waupaca Warmup,,,2022,,,,,,
waupacaboatride,waupaca-boatride,Waupaca Boatride,,,2022|tracker,,,,,,
brightside,brightside,Brightside,,,2022,,,,,,
pisgahclassic,pisgah-classic,Pisgah Classic,,,2022,,,,,,
pafukas,pafukas,Pafukas,,,2022,,,,,,
beloitfest,beloit-fest,Beloit Fest,,,2022,,,,,,
niugrass,niu-grass,NIU Grass,,,2022,,,,,,
crown,the-crown,The Crown,,,2022,,,,,,
bigdig,big-dig,Big Dig,,,2022,,,,,,
susquehannasmash,susquehanna-smash,Susquehanna Smash,,,2022,,,,,,
backtoschoolduels,back-to-school-duels,Back to School Duels,,,2022,,,,,,
playersgrasstourney,players-grass-tourney,Players Grass Tourney,,,2022,,,,,,
blockparty,block-party,Block Party,,,2022,,,,,,
luauchicago,luau-chicago,Luau Chicago,,,2022,,,,,,
greenvilleopen,greenville-open,Greenville Open,,,2022,,,,,,
oktoberfest,oktoberfest,Oktoberfest,,,2022,,,,,,
grassnationals,grass-nationals,Grass Nationals,,,2022,,,,,,
tournamentorganization,tournament-organization,Tournament/Organization,,,2022,,,,,,
playerssportsocial,players-sport-social-group,Players Sport & Social Group,,,2022|2023|2024,,,,,,
gvegas,g-vegas,G-Vegas,,,2022|2024|tracker,,,,,,
volleybums,volleybums,VolleyBums,colavolleybums@gmail.com,https://volleybums.com/,2022|2024|tracker,Austin & Halle Daniel,,,,"Saturday, May 2",
dukdukdaze,duk-duk-daze,Duk Duk Daze,,,2022,,,,,,
hustlefactory,hustle-factory,Hustle Factory,hustlefactoryvolleyball@gmail.com,https://hustlefactorysportscomplex.com/,2023|2024|tracker,Tim Cooper,478-954-7309,,,,
timcarlson,tim-carlson,Tim Carlson,,,2023|2024|tracker,,,,,,
roguepineapplevolleyball,rogue-pineapple-volleyball,Rogue Pineapple Volleyball,,,2023|2024|tracker,,,,,,
angrydragons,angry-dragons,Angry Dragons,,,2023,,,,,,
emeraldcoastvolleyball,emerald-coast-volleyball,Emerald Coast Volleyball,,,2023|2024,,,,,,
baxterjacks,baxter-jacks,Baxter Jacks,anne@tandemsport.com,,2023|tracker,Anne,,,,,
jacobsmith,jacob-smith,Jacob Smith,,,2023|2024,,,,,,
rileymarshall,riley-marshall,Riley Marshall,,,2023,,,,,,
avlhoppersvolleyball,avl-hoppers-volleyball,AVL Hoppers Volleyball,,,2023,,,,,,
sabrinafantoni,sabrina-fantoni,Sabrina Fantoni,,,2023,,,,,,
ultrainstinctvolleyball,ultra-instinct-volleyball,Ultra Instinct Volleyball,,,2023|tracker,,,,,,
901volleyball,901-volleyball,901 Volleyball,brent@901volleyball.org,https://www.901volleyball.org/,2023|2024|tracker,Brent Grablachoff,,,yes,"Monday, April 27",
kinglouiesbeachvolleyball,king-louie-s-beach-volleyball,King Louie's Beach Volleyball,,,2023|2024,,,,,,
meangreenvolleyball,mean-green-llc-volleyball,Mean Green LLC Volleyball,kymeangreenllc@gmail.com,https://www.facebook.com/MEANGREENLLCVB,2023|tracker,Shane Green,,,,"Saturday, May 2",
vollis,vollis,Vollis,,,2023|tracker,,,,,,
setterscincy,setters-cincy,Setters Cincy,,,2023,,,,,,
ashleighmoffett,ashleigh-moffett,Ashleigh Moffett,,,2023|2024,,,,,,
pelicancityvolleyball,pelican-city-volleyball-club,Pelican City Volleyball Club,tyler@pelicancity.club,,2024|tracker,Tyler Penberthy,,,,"Saturday, May 2",
chattanoogastatecommunitycollege,chattanooga-state-community-college,Chattanooga State Community College,,,2024,,,,,,
angrydragonsvolleyball,angry-dragons-volleyball,Angry Dragons Volleyball,ryan@angrydragonvolleyball.com angrydragon@angrydragonvolleyball.com,https://www.angrydragonvolleyball.com/,2024|tracker,Ryan,770-330-7062,,yes,"Monday, April 27",
cincity,cin-city,Cin-City,,,2024,,,,,,
birminghambeachvolleyball,birmingham-beach-adult-volleyball,Birmingham Beach Adult Volleyball,,,2024|tracker,,,,,,
roguepineapplevolleyballvollis,rogue-pineapple-volleyball-vollis,Rogue Pineapple Volleyball & Vollis,,,2024,,,,,,
nashvillebeach,nashville-beach,Nashville Beach,beachresearch@yahoo.com,https://nashvillebeach.com/,2024|tracker,Janice & Roman Reese,615-584-7440,https://www.facebook.com/NashvilleBeach,,"Monday, April 27",
avlhoppers,avl-hoppers,AVL Hoppers,AVLhoppers@gmail.com,https://www.avlhoppers.com/,2024|tracker,Brenda Galvan,,,,"Monday, April 27",
breekolomiza,bree-kolomiza,Bree Kolomiza,,,2024,,,,,,
columbiavolleyball,columbia-volleyball-club,Columbia Volleyball Club,columbiava@sportsoffice365.com,https://www.columbiavolleyballclub.com/,2024|tracker,Amir Tabrizi,443-228-3772,,,"Monday, April 27",
upstatelegacy,upstate-legacy,Upstate Legacy,,,2024|tracker,,,,,,
ssova,ssova,SSOVA,,,2024|tracker,,,,,,
hydenbeach,hyden-beach,Hyden Beach,,https://kinglouiesvolleyball.com/,2024|tracker,John Hyden,615-987-0792,,yes,"Monday, April 27",
usavolleyball,usa-volleyball,USA Volleyball,,,2024|tracker,,,,,,
cumberlanduniversity,cumberland-university,Cumberland University,,,2024,,,,,,
tim,tim,Tim,,,2024,,,,,,
springfieldsplash,springfield-splash,Springfield Splash,,,2024,,,,,,
aarondrury,aaron-drury,Aaron Drury,,,2024,,,,,,
marshallmadness,marshall-madness,Marshall Madness,,,2024,,,,,,
barrysarahstutheit,barry-sarah-stutheit,Barry & Sarah Stutheit,,,2024,,,,,,
kawas,the-kawas,The Kawas,,,2024,,,,,,
9man,9man,9man,,http://www.9-man.com/,tracker,,,,,,
atxbeachaustin,atx-beach-austin,ATX Beach - Austin,info@atxbeach.com,https://atxbeach.volleyballlife.com/events,tracker,LJ Luciano,,,,,
birminghambeach,birmingham-beach,Birmingham Beach,birminghambeach@gmail.com jtalaimo1010@gmail.com,https://birminghambeach.com/,tracker,Joe,205-478-5711,,,"Monday, April 27",
spkd,spkd,SPKD,,,tracker,Jake Hannon,,,,,
krushvolleyball,krush-volleyball,KRUSH Volleyball,,,tracker,Kayla Hyche,,,,,
letspepper,let-s-pepper,Let’s Pepper,,,tracker,Nino Chavez,,,,,
courtkittens,court-kittens,Court Kittens,,,tracker,Kelsey James,,,,,
volleyrx,volleyrx,VolleyRx,,,tracker,Payton Litney,,,,,
cincityvolleyball,cin-city-volleyball-llc,Cin-City Volleyball LLC,play@cincityvolleyball.com,https://cincityvolleyball.com/,tracker,,513-403-9232,,yes,"Monday, April 27",
roguepineapple,rogue-pineapple,Rogue Pineapple,,https://www.facebook.com/RoguePineappleVolleyball/,tracker,,,,,,
kinglouiesbeach,king-louie-s-beach,King Louie's Beach,klsportscomplex@yahoo.com,,tracker,Mike Mccaskill,502-896-2037,,,"Saturday, May 2",
hausofbarbz,haus-of-barbz,Haus of Barbz,,https://www.facebook.com/groups/hausofbarbz/,tracker,Azariah Hill,510-682-0551,,,"Saturday, May 2",
sfbeachvolleyball,sf-beach-volleyball,SF Beach Volleyball,,https://www.sfbeachvolleyball.com/,tracker,Ryan Ung,,,,,
cbva,cbva,CBVA,opvolleyball@verizon.net Director JParker Saikley jpsaikley@yahoo.com,https://cbva.com/,tracker,Danny Rubio,310-435-9260,,,"No, but sent an introduction",
silvercreeksportssocial,silver-creek-sports-social,Silver Creek Sports & Social,creekpartyemail@gmail.com,,tracker,Alexis Chambers at 618-978-7516,618)-416-6337,,,,
sandbarstl,sandbar-stl,Sandbar STL,SandbarSTL@gmail.com,,tracker,Katie and Rodney Stevenson,,,,,
totalprimesports,total-prime-sports,Total Prime Sports,prime618vbc@gmail.com,,tracker,Alexis Chambers,(618) 978-7516,,,,
thereispickupvolleyballmondays69wednesday69sundaysnoon4pmatstanncommunitycenter1communitycenterdrstannmo63074,there-is-pickup-volleyball-mondays-6-9-wednesday-6-9-sundays,"There is pickup volleyball Mondays 6-9 Wednesday 6-9 & Sundays Noon-4pm At St. Ann Community center 1 Community Center Dr, St Ann, MO 63074",,,tracker,,,,,,
archwaysports,archway-sports,Archway Sports,info@archwaysports.com,https://www.facebook.com/ArchwaySports/,tracker,,,,,,
goatropersvolleyball,goat-ropers-volleyball,Goat Ropers Volleyball,loganchavens@gmail.com,https://www.facebook.com/profile.php?id=100093256089684,tracker,Logan Havens,314-527-9662,,,"Saturday, May 2",
stratmansports,stratman-sports,Stratman Sports,,,tracker,Tony Stratman - Executive Director & Volleyball Director Spencer Randall - Volleyball Director,314-398-5495 314-288-8155,,,,
xoxovolleyball,xoxo-volleyball,XOXO Volleyball,,,tracker,Sam Revilla,,,,,
ssovasunshinestateoutdoorvolleyballassociation,ssova-sunshine-state-outdoor-volleyball-association,SSOVA - Sunshine State Outdoor Volleyball Association,director@ssova.com,https://www.ssova.com/,tracker,Montana Rae Pelak,727-380-1168,https://www.facebook.com/ssovabeachvolleyball,,"Monday, April 27",
volleyballparadise,volleyball-paradise,Volleyball Paradise,,,tracker,Jenna Phillips,,,,,Yes
httpswwwfacebookcompittsburghgrassvolleyball,https-www-facebook-com-pittsburghgrassvolleyball,https://www.facebook.com/PittsburghGrassVolleyball,,,tracker,,,,,,
bluegrassblazevolleyball,bluegrass-blaze-volleyball,Bluegrass Blaze Volleyball,,,tracker,Fernando,,,,"Saturday, May 2",Yes
volleyculture,volley-culture,Volley Culture,volleyculturevbc04@gmail.com,https://www.volleyculture.com/,tracker,Lance Agbayani,,,,"Tuesday, April 28",
msoeraiders,msoe-raiders,MSOE Raiders,reid@msoe.edu,,tracker,Coach Reid,,,,"Tuesday, April 28",
kcvolleyballsandindoorgrass,kc-adult-volleyball-sand-indoor-grass,"KC Adult Volleyball (Sand, Indoor & Grass)",,,tracker,Chase Dobbins,,,,,
valhallavolley,valhalla-volley,Valhalla Volley,,,tracker,Tim Carlson,,,,"Saturday, May 2",
volleyballvalley,volleyball-valley,Volleyball Valley,,,tracker,Laira & Brinks Brewster,,,,May 17,
volleyballbeachkansascity,volleyball-beach-kansas-city,Volleyball Beach Kansas City,kcvbbevents@gmail.com,,tracker,,(816) 937-0100,,,,
sugarsandvolleyballtournaments,sugar-sand-volleyball-tournaments,Sugar + Sand Volleyball Tournaments,sugarandsandkc@gmail.com,,tracker,,,,,,
floridamanvolleyball,florida-man-volleyball,Florida Man Volleyball,floridamanvolleyball@gmail.com,,tracker,,,,,,
whitesandsvolleyballcourtsseegerssandbar,white-sands-volleyball-courts-seeger-s-sandbar,White Sands Volleyball Courts / Seeger’s Sandbar,seegerswhitesandsnola@gmail.com,,tracker,,(504) 666-0332,,,,
stlsandbar,stl-sandbar,STL Sandbar,,,tracker,Danielle,3145408655,,,,
volleyball365,volleyball-365,Volleyball 365,,,tracker,Gary Shenberg,314-852-1981,,,,
201beach,201-beach,201 Beach,,,tracker,,,,,,
2legitvolleyball,2legit-volleyball,2Legit Volleyball,,,tracker,,,,,,
692next,692-next,692 NEXT,,,tracker,,,,,,
allanglesvolleyballtraining,all-angles-volleyball-training,All Angles Volleyball Training,,,tracker,,,,,,
allinvolleyball,all-in-volleyball,All in Volleyball,,,tracker,,,,,,
altitudevolleyball,altitude-volleyball,Altitude Volleyball,,,tracker,,,,,,
austinjuniorvolleyball,austin-junior-volleyball,Austin Junior Volleyball,,,tracker,,,,,,
avabeachseattle,ava-beach-seattle,AVA Beach Seattle,,,tracker,,,,,,
avpgrasstour,avp-grass-tour,AVP Grass Tour,,,tracker,,,,,,
avpjuniors,avp-juniors,AVP Juniors,,,tracker,,,,,,
avpnext,avp-next,AVP Next,,,tracker,,,,,,
backyardbeachvolleyball,backyard-beach-volleyball,Backyard Beach Volleyball,,,tracker,,,,,,
bakvolleyball,bak-volleyball,BAK Volleyball,,,tracker,,,,,,
bayoubeach,bayou-beach,Bayou Beach,,,tracker,,,,,,
beachelite,beach-elite,Beach Elite,,,tracker,,,,,,
beachsouthvolleyball,beach-south-volleyball,Beach South Volleyball,,,tracker,,,,,,
bevolley,bevolley,BeVolley,,,tracker,,,,,,
blackrabbitvolleyball,black-rabbit-volleyball,Black Rabbit Volleyball,,,tracker,,,,,,
blockpartysports,block-party-sports,Block Party Sports,,,tracker,,,,,,
bluehenvolleyball,blue-hen-volleyball-club,Blue Hen Volleyball Club,,,tracker,,,,,,
blueridgebeachvolleyball,blue-ridge-beach-volleyball,Blue RIdge Beach Volleyball,,,tracker,,,,,,
blueskyvolleyball,blue-sky-volleyball,Blue Sky Volleyball,,,tracker,,,,,,
bluefishbowlvolleyball,bluefishbowl-volleyball-club,BlueFishBowl Volleyball Club,,,tracker,,,,,,
bostonskisport,boston-ski-sport-club,Boston Ski & Sport Club,,,tracker,,,,,,
bravobeachvolleyball,bravo-beach-volleyball,Bravo Beach Volleyball,,,tracker,,,,,,
breezebeachvolleyball,breeze-beach-volleyball,Breeze Beach Volleyball,,,tracker,,,,,,
c2attackvolleyball,c2-attack-volleyball,C2 Attack Volleyball,,,tracker,,,,,,
carolinachaosvolleyball,carolina-chaos-volleyball,Carolina CHAOS Volleyball,,,tracker,,,,,,
castlebeachvolleyball,castle-beach-volleyball,Castle Beach Volleyball,,,tracker,,,,,,
centralvirginiavolleyball,central-virginia-volleyball,Central Virginia Volleyball,,,tracker,,,,,,
charlottebeach,charlotte-beach,Charlotte Beach,,,tracker,,,,,,
chicagosandvolleyball,chicago-sand-volleyball,Chicago Sand Volleyball,,,tracker,,,,,,
chillbybeach,chill-by-the-beach,Chill by the Beach,,,tracker,,,,,,
coconutbeachvolleyballassociation,coconut-beach-volleyball-association,Coconut Beach Volleyball Association,,,tracker,,,,,,
coloradospringsaltitude,colorado-springs-altitude,Colorado Springs Altitude,,,tracker,,,,,,
ctvolley,ct-volley,CT Volley,,,tracker,,,,,,
dakinevolleyball,dakine-volleyball-club,Dakine Volleyball Club,,,tracker,,,,,,
digbeach,dig-the-beach,Dig The Beach,,,tracker,,,,,,
eastbeachvolleyballacademy,east-beach-volleyball-academy,East Beach Volleyball Academy,,,tracker,,,,,,
eastendvolleyball,east-end-volleyball,East End Volleyball,,,tracker,,,,,,
eastsidevolleyball,eastside-volleyball,Eastside Volleyball,,,tracker,,,,,,
edgeperformancevolleyball,edge-performance-volleyball,Edge Performance Volleyball,,,tracker,,,,,,
elitebeachvolleyball,elite-beach-volleyball,Elite Beach Volleyball,,,tracker,,,,,,
elitevbtc,elite-vbtc,Elite VBTC,,,tracker,,,,,,
emeraldcityjuniors,emerald-city-juniors,Emerald City Juniors,,,tracker,,,,,,
empoweredsportsprobeachjuniors,empowered-sports-club-pro-beach-juniors,Empowered Sports Club & Pro Beach Juniors,,,tracker,,,,,,
fbvt,fbvt,FBVT,,,tracker,,,,,,
firstcoastvolleyballassociation,first-coast-volleyball-association,First Coast Volleyball Association,,,tracker,,,,,,
fulcrumbeach,fulcrum-beach,Fulcrum Beach,,,tracker,,,,,,
gainesvillevolleyball,gainesville-volleyball,Gainesville Volleyball,,,tracker,,,,,,
goodtimesvolleyhub,good-times-volley-hub,Good Times Volley Hub,,,tracker,,,,,,
gritvolleyball,grit-volleyball,Grit Volleyball,,,tracker,,,,,,
gulfcoastvolleyballassociation,gulf-coast-volleyball-association,Gulf Coast Volleyball Association,,,tracker,,,,,,
hammerhousevolleyball,hammer-house-volleyball,Hammer House Volleyball,,,tracker,,,,,,
hang10volleyball,hang-10-volleyball,Hang 10 Volleyball,,,tracker,,,,,,
hardcross,hard-cross,Hard-Cross,,,tracker,,,,,,
highperformanceathletics,high-performance-athletics,High Performance Athletics,,,tracker,,,,,,
hmbbeachvolleyball,hmb-beach-volleyball,HMB Beach Volleyball,,,tracker,,,,,,
huskyvolleyball,husky-volleyball-club,Husky Volleyball Club,,,tracker,,,,,,
ibeach31juniors,ibeach31-juniors,iBeach31 Juniors,,,tracker,,,,,,
internationalevents,international-events,International Events,,,tracker,,,,,,
internationalvolleyballhalloffame,international-volleyball-hall-of-fame,International Volleyball Hall of Fame,,,tracker,,,,,,
islandbeachvolleyball,island-beach-volleyball,Island Beach Volleyball,,,tracker,,,,,,
jammervolleyball,jammer-volleyball,Jammer Volleyball,,,tracker,,,,,,
jksports,jk-sports,JK Sports,,,tracker,,,,,,
joeysbeachvolleyballacademy,joey-s-beach-volleyball-academy,Joey's Beach Volleyball Academy,,,tracker,,,,,,
joustbeachvolleyball,joust-beach-volleyball,Joust Beach Volleyball,,,tracker,,,,,,
juanasbeachvolleyball,juana-s-beach-volleyball,Juana's Beach Volleyball,,,tracker,,,,,,
kaibeachvolleyball,kai-beach-volleyball-club,Kai Beach Volleyball Club,,,tracker,,,,,,
kokuabeachvolleyball,kokua-beach-volleyball-club,Kokua Beach Volleyball Club,,,tracker,,,,,,
lakesidebeachvolleyball,lakeside-beach-volleyball,Lakeside Beach Volleyball,,,tracker,,,,,,
lasvegasbeachvolleyball,las-vegas-beach-volleyball,Las Vegas Beach Volleyball,,,tracker,,,,,,
latitudevolleyball,latitude-volleyball,Latitude Volleyball,,,tracker,,,,,,
legacysportscomplex,legacy-sports-complex,Legacy Sports Complex,,,tracker,,,,,,
losgatosvolleyball,los-gatos-volleyball-club,Los Gatos Volleyball Club,,,tracker,,,,,,
louisianaprobeachvolleyball,louisiana-pro-beach-volleyball,Louisiana Pro Beach Volleyball,,,tracker,,,,,,
madsandvolleyball,mad-sand-volleyball,Mad Sand Volleyball,,,tracker,,,,,,
mavericksbeachvolleyball,mavericks-beach-volleyball,Mavericks Beach Volleyball,,,tracker,,,,,,
midatlanticvolleyball,mid-atlantic-volleyball,Mid-Atlantic Volleyball,,,tracker,,,,,,
midwestsandvolleyball,midwest-sand-volleyball,Midwest Sand Volleyball,,,tracker,,,,,,
milwaukeestingbeachvolleyball,milwaukee-sting-beach-volleyball-club,Milwaukee Sting Beach Volleyball Club,,,tracker,,,,,,
mtlaurelbeachvolleyballassociation,mt-laurel-beach-volleyball-association,Mt. Laurel Beach Volleyball Association,,,tracker,,,,,,
myrtlebeachvolleyball,myrtle-beach-volleyball,Myrtle Beach Volleyball,,,tracker,,,,,,
nlvolleyball,n-l-volleyball,N&L Volleyball,,,tracker,,,,,,
newenglandbeachvolleyballassociation,new-england-beach-volleyball-association,New England Beach Volleyball Association,,,tracker,,,,,,
newhampshirevolleyball,new-hampshire-volleyball-club,New Hampshire Volleyball Club,,,tracker,,,,,,
newhavenvolleyball,new-haven-volleyball,New Haven Volleyball,,,tracker,,,,,,
newportvolleyball,newport-volleyball-club,Newport Volleyball Club,,,tracker,,,,,,
nonasports,nona-sports,Nona Sports,,,tracker,,,,,,
northfolkbeachvolleyball,north-folk-beach-volleyball,North Folk Beach Volleyball,,,tracker,,,,,,
northwestvolleyball,northwest-volleyball,Northwest Volleyball,,,tracker,,,,,,
oasisbeachvolleyball,oasis-beach-volleyball,OASIS Beach Volleyball,,,tracker,,,,,,
ocalabeachvolleyball,ocala-beach-volleyball,Ocala Beach Volleyball,,,tracker,,,,,,
okcsharksbeachvolleyball,okc-sharks-beach-volleyball,OKC Sharks Beach Volleyball,,,tracker,,,,,,
optimumbeach,optimum-beach,Optimum Beach,,,tracker,,,,,,
p413beachkc,p4-13-beach-kc,P4: 13 Beach KC,,,tracker,,,,,,
pafukasvolleyball,pafukas-volleyball,Pafukas Volleyball,,,tracker,,,,,,
palmcoastvolleyballacademy,palm-coast-volleyball-academy,Palm Coast Volleyball Academy,,,tracker,,,,,,
panamajacksummerslam,panama-jack-summer-slam,Panama Jack Summer Slam,,,tracker,,,,,,
passingtime,passing-time,Passing Time,,,tracker,,,,,,
phildalhausserbeachvolleyballacademy,phil-dalhausser-beach-volleyball-academy,Phil Dalhausser Beach Volleyball Academy,,,tracker,,,,,,
pittsburghgrassvolleyball,pittsburgh-grass-volleyball,Pittsburgh Grass Volleyball,,,tracker,,,,,,
playitforward,play-it-forward,Play It Forward,,,tracker,,,,,,
pleasureislandvolleyball,pleasure-island-volleyball-club,Pleasure Island Volleyball Club,,,tracker,,,,,,
portsports,portsports,Portsports,,,tracker,,,,,,
projectbeachutah,project-beach-utah,Project Beach Utah,,,tracker,,,,,,
qbksports,qbk-sports,QBK Sports,,,tracker,,,,,,
quandomania,quandomania,Quandomania,,,tracker,,,,,,
rallyvolleyball,rally-volleyball,Rally Volleyball,,,tracker,,,,,,
relentlessvolleyballtour,relentless-volleyball-tour,Relentless Volleyball Tour,,,tracker,,,,,,
richmondvolleyball,richmond-volleyball-club,Richmond Volleyball Club,,,tracker,,,,,,
risebeachtour,rise-beach-tour,Rise Beach Tour,,,tracker,,,,,,
rivercityvolleyballacademy,river-city-volleyball-academy,River City Volleyball Academy,,,tracker,,,,,,
rockstarvolleyball,rockstar-volleyball,RockStar Volleyball,,,tracker,,,,,,
royalebeach,royale-beach-club,Royale Beach Club,,,tracker,,,,,,
rvagrassvolleyball,rva-grass-volleyball,RVA Grass Volleyball,,,tracker,,,,,,
sammysweekendvolleyball,sammy-s-weekend-volleyball,Sammy's Weekend Volleyball,,,tracker,,,,,,
sandohana,sand-ohana,Sand Ohana,,,tracker,,,,,,
sandboxvolleyball,sandbox-volleyball,Sandbox Volleyball,,,tracker,,,,,,
sandsharksvbc,sandsharks-vbc,Sandsharks VBC,,,tracker,,,,,,
sandstormbeachvolleyball,sandstorm-beach-volleyball-club,Sandstorm Beach Volleyball Club,,,tracker,,,,,,
sandyardvolleyball,sandyard-volleyball,Sandyard Volleyball,,,tracker,,,,,,
setterscity,setters-city,Setters City,,,tracker,,,,,,
shakabeachvolleyball,shaka-beach-volleyball,Shaka Beach Volleyball,,,tracker,,,,,,
shankcityvolleyball,shank-city-volleyball,Shank City Volleyball,,,tracker,,,,,,
sideoutvolleyball,sideout-volleyball,Sideout Volleyball,,,tracker,,,,,,
sinjinvolleyball,sinjin-volleyball,Sinjin Volleyball,,,tracker,,,,,,
smashvolleyball,smash-volleyball,Smash Volleyball,,,tracker,,,,,,
soflovolleyballacademy,soflo-volleyball-academy,SoFLO Volleyball Academy,,,tracker,,,,,,
southbeachvolley,south-beach-volley,South Beach Volley,,,tracker,,,,,,
southcountyjuniors,south-county-juniors,South County Juniors,,,tracker,,,,,,
southernconnecticutvolleyball,southern-connecticut-volleyball,Southern Connecticut Volleyball,,,tracker,,,,,,
southernsandvolleyball,southern-sand-volleyball,Southern Sand Volleyball,,,tracker,,,,,,
southjammvolleyball,southjamm-volleyball,SouthJamm Volleyball,,,tracker,,,,,,
spikeandserve,spike-and-serve,Spike and Serve,,,tracker,,,,,,
sportsedgebeach,sports-edge-beach,Sports Edge Beach,,,tracker,,,,,,
sportslink,sportslink,Sportslink,,,tracker,,,,,,
sr1volleyball,sr1-volleyball,SR1 Volleyball,,,tracker,,,,,,
stellarvolleyball,stellar-volleyball,Stellar Volleyball,,,tracker,,,,,,
summersandvolleyball,summer-sand-volleyball,Summer Sand Volleyball,,,tracker,,,,,,
susquehannasports,susquehanna-sports,Susquehanna Sports,,,tracker,,,,,,
tagbeachvolleyball,tag-beach-volleyball-club,TAG Beach Volleyball Club,,,tracker,,,,,,
texastigersjuniors,texas-tigers-juniors,Texas Tigers Juniors,,,tracker,,,,,,
texasbeachvolleyballassociation,texas-beach-volleyball-association,Texas Beach Volleyball Association,,,tracker,,,,,,
texasvolleystars,texas-volley-stars,Texas Volley Stars,,,tracker,,,,,,
deepvbc,the-deep-vbc,The Deep VBC,,,tracker,,,,,,
lab,the-lab,The LAB,,,tracker,,,,,,
sandjuniors,the-sand-club-juniors,The Sand Club - Juniors,,,tracker,,,,,,
sandbox,the-sandbox,The Sandbox,,,tracker,,,,,,
shadysandbox,the-shady-sandbox,The Shady Sandbox,,,tracker,,,,,,
thirdcoastvolleyball,third-coast-volleyball,Third Coast Volleyball,,,tracker,,,,,,
tidewatervolleyballassociation,tidewater-volleyball-association,Tidewater Volleyball Association,,,tracker,,,,,,
titanperformance,titan-performance,Titan Performance,,,tracker,,,,,,
torchbeachvolleyball,torch-beach-volleyball,Torch Beach Volleyball,,,tracker,,,,,,
treasurelakevolleyball,treasure-lake-volleyball,Treasure Lake Volleyball,,,tracker,,,,,,
umrsports,umr-sports,UMR Sports,,,tracker,,,,,,
v3volleyball,v3-volleyball,V3 Volleyball,,,tracker,,,,,,
vblife,vb-life,VB Life,,,tracker,,,,,,
vcavavolleyball,vcava-volleyball,VCAVA Volleyball,,,tracker,,,,,,
verobeachvolleyball,vero-beach-volleyball,Vero Beach Volleyball,,,tracker,,,,,,
volleyiowa,volley-iowa,Volley Iowa,,,tracker,,,,,,
volleyiq,volleyiq,VolleyiQ,,,tracker,,,,,,
vollisbeach,vollis-beach,Vollis Beach,,,tracker,,,,,,
voodoobeach,voo-doo-beach,Voo Doo Beach,,,tracker,,,,,,
votrvolleyballofrockies,votr-volleyball-of-the-rockies,VOTR - Volleyball of the Rockies,,,tracker,,,,,,
westchestervolleyballny,westchester-volleyball-ny,Westchester Volleyball NY,,,tracker,,,,,,
westerlyvolleyballassociation,westerly-volleyball-association,Westerly Volleyball Association,,,tracker,,,,,,
willpowervolleyball,will-power-volleyball,Will Power Volleyball,,,tracker,,,,,,
wilmingtonbeachvolleyball,wilmington-beach-volleyball,Wilmington Beach Volleyball,,,tracker,,,,,,
wilmingtonvolleyballseries,wilmington-volleyball-series,Wilmington Volleyball Series,,,tracker,,,,,,
wisconsinicevbc,wisconsin-ice-vbc,Wisconsin Ice VBC,,,tracker,,,,,,
wootownvolleyball,wootown-volleyball,Wootown Volleyball,,,tracker,,,,,,
wyldcardvolleyball,wyld-card-volleyball,Wyld Card Volleyball,,,tracker,,,,,,
xsvbeachvolleyball,xsv-beach-volleyball,XSV Beach Volleyball,,,tracker,,,,,,
