key,name,address_line,city,state,postal_code
cityonly|knoxville|TN,Knoxville,,Knoxville,TN,
cityonly|charleston|SC,Charleston,,Charleston,SC,
cityonly|westdundee|IL,West Dundee,,West Dundee,IL,
cityonly|greenville|SC,Greenville,,Greenville,SC,
cityonly|clearwater|FL,Clearwater,,Clearwater,FL,
cityonly|atlanta|GA,Atlanta,,Atlanta,GA,
cityonly|destin|FL,Destin,,Destin,FL,
cityonly|lexington|SC,Lexington,,Lexington,SC,
cityonly|kansascity|MO,Kansas City,,Kansas City,MO,
cityonly|anderson|SC,Anderson,,Anderson,SC,
cityonly|chicago|IL,Chicago,,Chicago,IL,
cityonly|columbia|SC,Columbia,,Columbia,SC,
cityonly|beloit|WI,Beloit,,Beloit,WI,
cityonly|charlotte|NC,Charlotte,,Charlotte,NC,
cityonly|huntingtonbeach|CA,Huntington Beach,,Huntington Beach,CA,
cityonly|mtloganpark|UT,Mt. Logan Park,,Mt. Logan Park,UT,
cityonly|milwaukee|WI,Milwaukee,,Milwaukee,WI,
cityonly|pottstown|PA,Pottstown,,Pottstown,PA,
cityonly|waupaca|WI,Waupaca,,Waupaca,WI,
cityonly|louisville|KY,Louisville,,Louisville,KY,
cityonly|brevard|NC,Brevard,,Brevard,NC,
cityonly|augusta|GA,Augusta,,Augusta,GA,
cityonly|dekalb|IL,Dekalb,,Dekalb,IL,
cityonly|manheim|PA,Manheim,,Manheim,PA,
cityonly|virgilgibbonsheritagepark|UT,Virgil Gibbons Heritage Park,,Virgil Gibbons Heritage Park,UT,
cityonly|chattanooga|TN,Chattanooga,,Chattanooga,TN,
hanahanrecreationcomplex|charleston|SC,Hanahan Recreation Complex,,Charleston,SC,
cityonly|springhill|TN,Spring Hill,,Spring Hill,TN,
151emainsthendersonvilletn37075|hendersonville|TN,Memorial Park,"151 E Main St, Hendersonville, TN 37075",Hendersonville,TN,
990hurtrdaustellga30106|atlanta|GA,Hurt Road Park,"990 Hurt Rd, Austell, GA 30106",Atlanta,GA,
999wmainstwestdundeeil60118|westdundee|IL,LifeZone 360,"999 W Main St, West Dundee, IL 60118",West Dundee,IL,
2723nboganrdnebufordga30519|atlanta|GA,Bogan Park,"2723 N Bogan Rd NE, Buford, GA 30519",Atlanta,GA,
3037pleasantvalleydrdoravillega30340|atlanta|GA,Atlanta,"3037 Pleasant Valley Dr. Doraville, GA 30340",Atlanta,GA,
1450miraclestrippkwysefortwaltonbeachfl32548|fortwaltonbeach|FL,"The Boardwalk, Okaloosa Island","1450 Miracle Strip Pkwy SE, Fort Walton Beach, FL 32548",Fort Walton Beach,FL,
senecapark|louisville|KY,Seneca Park,,Louisville,KY,
5805wtrimblerdmiltontn371184310|milton|TN,Milton,"5805 W Trimble Rd, Milton, TN 37118-4310",Milton,TN,
tbd|bowlinggreen|KY,-,TBD,Bowling Green,KY,
600wmontroseharbordrchicagoil60640|chicago|IL,Montrose Grass Fields,"600 W Montrose Harbor Dr, Chicago, IL 60640",Chicago,IL,
75westkingstpottstownpa19464|pottstown|PA,Pottstown Memorial Park,"75 West King St. Pottstown, PA 19464",Pottstown,PA,
brightonacres|oshkosh|WI,Brighton Acres,,Oshkosh,WI,
cityonly|oshkosh|WI,Oshkosh,,Oshkosh,WI,
151emainsthendersonvilletn37075|nashville|TN,Memorial Park,"151 E Main St, Hendersonville, TN 37075",Nashville,TN,
220amboyrdashevillenc28806|asheville|NC,Carrier Park,"220 Amboy Rd, Asheville, NC 28806",Asheville,NC,
1776declarationwaythompsonsstationtn37179|nashville|TN,Independence High School,"1776 Declaration Way, Thompson's Station, TN 37179",Nashville,TN,
safetycityrdknoxvilletn37919|knoxville|TN,Safety City Park,"Safety City Rd. Knoxville, TN 37919",Knoxville,TN,
151eastmainstreethendersonvilletn37075|hendersonville|TN,Memorial Park,"151 East Main Street, Hendersonville, TN 37075",Hendersonville,TN,
riversidedrmemphistn38103|memphis|TN,Tom Lee Park,"Riverside Dr, Memphis, TN 38103",Memphis,TN,
600nenglishstationrdlouisvilleky402234724|louisville|KY,King Louie's Beach Volleyball,"600 N English Station Rd, Louisville, KY 40223-4724",Louisville,KY,
3400hughesavechattanoogatn374101652|chattanooga|TN,Southside Community Park,"3400 Hughes Ave, Chattanooga, TN 37410-1652",Chattanooga,TN,
411southlanddrlexingtonky405031826|lexington|KY,Marikka's Restaurant & Bier Stube,"411 Southland Dr, Lexington, KY 40503-1826",Lexington,KY,
10315wattersontrailjeffersontownky|jeffersontown|KY,J-Town Beach,"10315 Watterson Trail, Jeffersontown, KY",Jeffersontown,KY,
4005hopperhillrdcincinnatioh|cincinnati|OH,Setters Cincy,"4005 Hopper Hill Rd. Cincinnati, OH",Cincinnati,OH,
7776jonesborordbuilding100jonesboroga|jonesboro|GA,N/A,"7776 Jonesboro Rd. Building 100, Jonesboro, GA",Jonesboro,GA,
8cityblvd|nashville|TN,OneCity,8 City Blvd.,Nashville,TN,
1848blueraiderdrmurfreesborotn37132|murfreesboro|TN,MTSU Rec Center,"1848 Blue Raider Dr, Murfreesboro, TN 37132",Murfreesboro,TN,
11000alpharettahighway|rosewell|GA,A5 Volleyball,11000 Alpharetta Highway,Rosewell,GA,30076
2001countrywaysouth|stpetersburg|FL,Pelican City Volleyball Club,2001 Country Club Way South,St. Petersburg,FL,33712
6600indianapolissportscomplex|hammon|IN,Hammond Sports Complex,6600 Indianapolis Sports Complex,Hammon,IN,46320
4801westcolonialdr|orlando|FL,Barnett Park,4801 West Colonial Dr.,Orlando,FL,32808
2001countryways|stpetersburg|FL,Pelican City Volleyball Club,2001 Country Club Way S.,St. Petersburg,FL,33712
4501amnicolahwy|chattanooga|TN,Chattanooga State Community College,4501 Amnicola Hwy,Chattanooga,TN,37406
7776jonesborordbuilding100|jonesboro|GA,Tsunami Volleyball,7776 Jonesboro Rd Building 100,Jonesboro,GA,30236
990hurstrd|marietta|GA,Hurst Road Park,990 Hurst Rd,Marietta,GA,30008
1334drakescreekrd|hendersonville|TN,Volunteer Park,1334 Drakes Creek Rd,Hendersonville,TN,37075
10750lovelandmadeirard|loveland|OH,Grand Sands Volleyball,10750 Loveland Madeira Rd,Loveland,OH,45140
592nenglishstationrd|louisville|KY,King Louie's Beach Volleyball,592 N English Station Rd,Louisville,KY,40223
5191joepeayrd|springhill|TN,Hustle Factory Sports Complex,5191 Joe Peay Rd,Spring Hill,TN,37174
2020pelhamparkblvd|pelham|AL,Pelham Recreation Center,2020 Pelham Park Blvd,Pelham,AL,35124
1848blueraiderdr|murfreesboro|TN,"MTSU Campus Recreation - Health, Wellness, and Recreation Center",1848 Blue Raider Dr,Murfreesboro,TN,37132
151eastmainstreet|hendersonville|TN,Memorial Park,151 East Main Street,Hendersonville,TN,37075
185lakepointpkwy|cartersville|GA,Rally Volleyball,185 Lakepoint Pkwy,Cartersville,GA,30121
2599averyave|memphis|TN,Tobey Park,2599 Avery Ave,Memphis,TN,38112
518brawleyroad|tracycity|TN,Bigfoot Adventure TN,518 Brawley Road,Tracy City,TN,37387
990hurtrd|austell|GA,Cobb County Hurt Road Park,990 Hurt Rd,Austell,GA,30106
7531bidwellrd|joelton|TN,Nashville Beach,7531 Bidwell Rd,Joelton,TN,37080
8109whitehorserd|greenville|SC,Northwest Park,8109 White Horse Rd,Greenville,SC,29617
3037pleasantvalleydr|doraville|GA,Honeysuckle Park,3037 Pleasant Valley Dr,Doraville,GA,30340
220amboyroad|asheville|NC,Currenton Field at Carrier Park,220 Amboy Road,Asheville,NC,28806
950ebennettst|springfield|MO,Phelps Grove Park,950 E Bennett St.,Springfield,MO,65807
1450miraclestrippkwyse|fortwaltonbeach|FL,The Boardwalk,1450 Miracle Strip Pkwy SE,Fort Walton Beach,FL,32548
6071standrewsroad|columbia|SC,The Fields at Saluda Shoals Park,6071 St Andrews Road,Columbia,SC,29212
nettlespark|clemson|SC,Nettles Park,Nettles Park,Clemson,SC,29631
5805westtrimbleroad|milton|TN,The Farm,5805 West Trimble Road,Milton,TN,37118
hanahanpark|charleston|SC,Hanahan Park,Hanahan Park,Charleston,SC,
4900gulfblvd|stpetebeach|FL,Dolphin Beach Resort,4900 Gulf Blvd,St. Pete Beach,FL,33706
4rockawayst|clearwater|FL,North Clearwater Beach (Frenchy's),4 Rockaway St,Clearwater,FL,33767
400nhighst|columbus|OH,Greater Columbus Convention Center,400 N High St.,Columbus,OH,43215
1cumberlanddrive|lebanon|TN,Cumberland University,1 Cumberland Drive,Lebanon,TN,37087
151emainstreet|hendersonville|TN,Memorial Park,151 E Main Street,Hendersonville,TN,37075
allisonsportstown209airportblvd|springfield|MO,Allison Sports Town,Allison Sports Town 209 Airport Blvd,Springfield,MO,65721
948beachrd|sarasota|FL,Siesta Beach,948 Beach Rd,Sarasota,FL,34242
wesselmans|evansville|IN,Evansville,Wesselmans,Evansville,IN,47715
745caldwelldrive|goodlettsville|TN,Moss Wright Park,745 Caldwell Drive,Goodlettsville,TN,37072
6850beachplaza|stpetebeach|FL,Upham Beach Park,6850 Beach Plaza,St. Pete Beach,FL,33706
75westkingstreet|pottstown|PA,Pottstown Memorial Park,75 West King Street,Pottstown,PA,19464
tbd|milwaukee|WI,Lake Park Rugby Field,TBD,Milwaukee,WI,53211
10650gulfblvd|treasureisland|FL,Bilmar Beach Resort,10650 Gulf Blvd,Treasure Island,FL,33706
cityonly|asheville|NC,Asheville,,Asheville,NC,
cityonly|clemson|SC,Clemson,,Clemson,SC,29631
2650gulfdrs|bradentonbeach|FL,Coquina Beach,2650 Gulf Dr. S,Bradenton Beach,FL,34217
ephramwhitepark|bowlinggreen|KY,Ephram White Park,Ephram White Park,Bowling Green,KY,42101
7261eastlamaralexanderpkwy|townsend|TN,Little River Campground,7261 East Lamar Alexander Pkwy,Townsend,TN,37882
323campjordanparkway|eastridge|TN,Camp Jordan,323 Camp Jordan Parkway,East Ridge,TN,37421
268communityparkrd|seymour|TN,Seymour Park,268 Community park Rd.,Seymour,TN,37865
7rockawayst|clearwater|FL,Clearwater Beach Frenchy's,7 Rockaway St.,Clearwater,FL,33767
1465wboothroadextsw|marietta|GA,Fair Oaks Park Recreation Center,1465 W Booth Road Ext SW,Marietta,GA,30008
cityonly|austin|TX,Austin,,Austin,TX,
cityonly|birmingham|AL,Birmingham,,Birmingham,AL,
10750lovelandmadeirardlovelandoh45140|cincinnati|OH,Grand Sands Volleyball,"10750 Loveland Madeira Rd, Loveland, OH 45140",Cincinnati,OH,45140
cityonly|lexington|KY,Lexington,,Lexington,KY,
600nenglishstationrdlouisvilleky40223|louisville|KY,King Louie's Beach,"600 N English Station Rd, Louisville, KY 40223",Louisville,KY,40223
2599averyavememphistn38112usa|memphis|TN,Tobey Park,"2599 Avery Ave Memphis, TN 38112, USA",Memphis,TN,38112
7531bidwellrdjoeltontn37080|nashville|TN,Nashville Beach,"7531 Bidwell Rd, Joelton, TN 37080",Nashville,TN,37080
cityonly|sanfrancisco|CA,San Francisco,,San Francisco,CA,
cityonly|santamonica|CA,Santa Monica,,Santa Monica,CA,
5191joepeayrdspringhilltn37174|springhill|TN,Hyden Beach,"5191 Joe Peay Rd, Spring Hill, TN 37174",Spring Hill,TN,37174
cityonly|stlouis|MO,St. Louis,,St. Louis,MO,63123
cityonly|stpetersburg|FL,St. Petersburg,,St. Petersburg,FL,
cityonly|nashville|TN,Nashville,,Nashville,TN,
cityonly|elmwood|LA,Elmwood,,Elmwood,LA,
grass|atlanta|GA,Grass,,Atlanta,GA,
grass|asheville|NC,Grass,,Asheville,NC,
grass|charleston|SC,Grass,,Charleston,SC,
beach|cincinnati|OH,Beach,,Cincinnati,OH,
beach|neworleans|LA,Beach,,New Orleans,LA,
beach|fortlauderdale|FL,Beach,,Fort Lauderdale,FL,
beach|jacksonville|FL,Beach,,Jacksonville,FL,
grass|greenville|SC,Grass,,Greenville,SC,
both|gainesville|FL,Both,,Gainesville,FL,
beach|springhill|TN,Beach,,Spring Hill,TN,
both|kansascity|KS,Both,,Kansas City,KS,
cityonly|pittsburgh|PA,Pittsburgh,,Pittsburgh,PA,
beach|stpetersburg|FL,Beach,,St. Petersburg,FL,
grass|alpharetta|GA,Grass,,Alpharetta,GA,
beach|clearwater|FL,Beach,,Clearwater,FL,
grass|hendersonville|TN,Grass,,Hendersonville,TN,
grass|knoxville|TN,Grass,,Knoxville,TN,
beach|hermitage|TN,Beach,,Hermitage,TN,
