organization,contact_person,email,phone,city,state,zip,website,region,surface,survey_sent,responded,source,already_in_compete
9man,,,,,,,http://www.9-man.com/,,,,,tracker,
AVL Hoppers,Brenda Galvan,AVLhoppers@gmail.com,,Asheville,NC,,https://www.avlhoppers.com/,,,"Monday, April 27",,tracker,
Angry Dragons Volleyball,Ryan,angrydragon@angrydragonvolleyball.com,770-330-7062,Atlanta,GA,,https://www.angrydragonvolleyball.com/,,,"Monday, April 27",,tracker,
ATX Beach - Austin,LJ Luciano,info@atxbeach.com,,Austin,TX,,https://atxbeach.volleyballlife.com/events,,,,,tracker,
Birmingham Beach,Joe,jtalaimo1010@gmail.com,205-478-5711,Birmingham,AL,,https://birminghambeach.com/,,,"Monday, April 27",,tracker,
SPKD,Jake Hannon,,,Birmingham,AL,,,,,,,tracker,
Chucktown,Jasmin,Chucktownvolleyball@gmail.com,,Charleston,SC,,https://chucktown.volleyballlife.com/events,,,"Monday, April 27",,tracker,yes
KRUSH Volleyball,Kayla Hyche,,,Chicago,IL,,,,,,,tracker,
Let’s Pepper,Nino Chavez,,,Chicago,IL,,,,,,,tracker,
Court Kittens,Kelsey James,,,Chicago,IL,,,,,,,tracker,
VolleyRx,Payton Litney,,,Chicago,IL,,,,,,,tracker,
Cin-City Volleyball LLC,,play@cincityvolleyball.com,513-403-9232,Cincinnati,OH,45140,https://cincityvolleyball.com/,,,"Monday, April 27",,tracker,yes
Columbia Volleyball Club,Amir Tabrizi,columbiava@sportsoffice365.com,443-228-3772,Columbia,SC,,https://www.columbiavolleyballclub.com/,,,"Monday, April 27",,tracker,
VolleyBums,Austin & Halle Daniel,colavolleybums@gmail.com,,Columbia,SC,,https://volleybums.com/,,,"Saturday, May 2",,tracker,
G-Vegas Volleyball,Frank McCravy,frank@gvegasvb.com,425-785-5075,Greenville,SC,,https://www.gvegasvb.com/ 2026 calendar is not released.,,,,,tracker,
Rogue Pineapple,,,,Knoxville,TN,,https://www.facebook.com/RoguePineappleVolleyball/,,,,,tracker,
Mean Green Volleyball,Shane Green,kymeangreenllc@gmail.com,,Lexington,KY,,https://www.facebook.com/MEANGREENLLCVB,,,"Saturday, May 2",,tracker,
King Louie's Beach,Mike Mccaskill,klsportscomplex@yahoo.com,502-896-2037,Louisville,KY,40223,,,,"Saturday, May 2",,tracker,
Baxter Jacks,Anne,anne@tandemsport.com,,Louisville,KY,,,,,,,tracker,
901 Volleyball,Brent Grablachoff,brent@901volleyball.org,,Memphis,TN,38112,https://www.901volleyball.org/,,,"Monday, April 27",,tracker,yes
Nashville Beach,Janice & Roman Reese,beachresearch@yahoo.com,615-584-7440,Nashville,TN,37080,https://nashvillebeach.com/ https://www.facebook.com/NashvilleBeach,,,"Monday, April 27",,tracker,yes
Haus of Barbz,Azariah Hill,,510-682-0551,San Francisco,CA,,https://www.facebook.com/groups/hausofbarbz/ No scheduled tournaments currently,,,"Saturday, May 2",,tracker,
SF Beach Volleyball,Ryan Ung,,,San Francisco,CA,,https://www.sfbeachvolleyball.com/,,,,,tracker,
CBVA,Danny Rubio,jpsaikley@yahoo.com,310-435-9260,Santa Monica,CA,,https://cbva.com/,,,"No, but sent an introduction",,tracker,
Hustle Factory,Tim Cooper,hustlefactoryvolleyball@gmail.com,478-954-7309,Spring Hill,TN,,https://hustlefactorysportscomplex.com/ No scheduled tournaments currently,,,,,tracker,
Hyden Beach,John Hyden,,615-987-0792,Spring Hill,TN,37174,https://kinglouiesvolleyball.com/,,,"Monday, April 27",,tracker,yes
Silver Creek Sports & Social,Alexis Chambers at 618-978-7516,creekpartyemail@gmail.com,618)-416-6337,St. Louis (Belleville)MO,,,,,,,,tracker,
Sandbar STL,Katie and Rodney Stevenson,SandbarSTL@gmail.com,,St. Louis,MO,,,,,,,tracker,
Total Prime Sports,Alexis Chambers,prime618vbc@gmail.com,(618) 978-7516,St. Louis (Belleville)MO,,,,,,,,tracker,
There is pickup volleyball,,,,,,,,,,,,tracker,
Mondays 6-9,,,,,,,,,,,,tracker,
Wednesday 6-9,,,,,,,,,,,,tracker,
& Sundays Noon-4pm,,,,,,,,,,,,tracker,
At St. Ann Community center,,,,,,,,,,,,tracker,
"1 Community Center Dr, St Ann, MO 63074",,,,,,,,,,,,tracker,
Archway Sports,,info@archwaysports.com,,St. Louis,MO,,https://www.facebook.com/ArchwaySports/,,,,,tracker,
Goat Ropers Volleyball,Logan Havens,loganchavens@gmail.com,314-527-9662,St. Louis,MO,63123,https://www.facebook.com/profile.php?id=100093256089684,,,"Saturday, May 2",,tracker,
Stratman Sports,Spencer Randall - Volleyball Director,,314-288-8155,,,,,,,,,tracker,
XOXO Volleyball,Sam Revilla,,,,,,,,,,,tracker,
SSOVA - Sunshine State Outdoor Volleyball Association,Montana Rae Pelak,director@ssova.com,727-380-1168,St. Petersburg,FL,,https://www.ssova.com/ https://www.facebook.com/ssovabeachvolleyball,,,"Monday, April 27",,tracker,
Pelican City Volleyball,Tyler Penberthy,tyler@pelicancity.club,,St. Petersburg,FL,,,,,"Saturday, May 2",,tracker,
Volleyball Paradise,Jenna Phillips,,,St. Petersburg,FL,,,,,,Yes,tracker,
Bluegrass Blaze Volleyball,Fernando,,,,KY,,,,,"Saturday, May 2",Yes,tracker,yes
Volley Culture,Lance Agbayani,volleyculturevbc04@gmail.com,,,,,https://www.volleyculture.com/,,,"Tuesday, April 28",,tracker,
MSOE Raiders,Coach Reid,reid@msoe.edu,,,,,,,,"Tuesday, April 28",,tracker,
"KC Adult Volleyball (Sand, Indoor & Grass)",Chase Dobbins,,,Kansas City,MO,,,,,,,tracker,
Valhalla Volley,Tim Carlson,,,Nashville,TN,,,,,"Saturday, May 2",,tracker,yes
Volleyball Valley,Laira & Brinks Brewster,,,,,,,,,May 17,,tracker,
Volleyball Beach Kansas City,,kcvbbevents@gmail.com,(816) 937-0100,Kansas City,MO,,,,,,,tracker,
Sugar + Sand Volleyball Tournaments,,sugarandsandkc@gmail.com,,Kansas City,MO,,,,,,,tracker,
Florida Man Volleyball,,floridamanvolleyball@gmail.com,,,FL,,,,,,,tracker,
White Sands Volleyball Courts / Seeger’s Sandbar,,seegerswhitesandsnola@gmail.com,(504) 666-0332,Elmwood,LA,,,,,,,tracker,
STL Sandbar,Danielle,,3145408655,St. Louis,MO,,,,,,,tracker,
Volleyball 365,Gary Shenberg,,314-852-1981,St. Louis,MO,,,,,,,tracker,
201 Beach,,,,,,,,,,,,directory,
2Legit Volleyball,,,,,,,,,,,,directory,
692 NEXT,,,,,,,,,,,,directory,
901 Volleyball,,,,,,,,,,,,directory,yes
All Angles Volleyball Training,,,,,,,,,,,,directory,
All in Volleyball,,,,,,,,,,,,directory,
Altitude Volleyball,,,,,,,,,,,,directory,
Angry Dragons Volleyball,,,,Atlanta,Georgia,,,Southeast,Grass,,,directory,
Austin Junior Volleyball,,,,,,,,,,,,directory,
AVA Beach Seattle,,,,,,,,,,,,directory,
AVL Hoppers,,,,Ashville,North Carolina,,,Southeast,Grass,,,directory,
AVP Grass Tour,,,,,,,,,,,,directory,
AVP Juniors,,,,,,,,,,,,directory,
AVP Next,,,,,,,,,,,,directory,
Backyard Beach Volleyball,,,,,,,,,,,,directory,
BAK Volleyball,,,,,,,,,,,,directory,
Bayou Beach,,,,,,,,,,,,directory,
Beach Elite,,,,,,,,,,,,directory,
Beach South Volleyball,,,,,,,,,,,,directory,
BeVolley,,,,,,,,,,,,directory,
Birmingham Beach Volleyball,,,,,,,,,,,,directory,
Black Rabbit Volleyball,,,,,,,,,,,,directory,
Block Party Sports,,,,,,,,,,,,directory,
Blue Hen Volleyball Club,,,,,,,,,,,,directory,
Blue RIdge Beach Volleyball,,,,,,,,,,,,directory,
Blue Sky Volleyball,,,,,,,,,,,,directory,
BlueFishBowl Volleyball Club,,,,,,,,,,,,directory,
Boston Ski & Sport Club,,,,,,,,,,,,directory,
Bravo Beach Volleyball,,,,,,,,,,,,directory,
Breeze Beach Volleyball,,,,,,,,,,,,directory,
C2 Attack Volleyball,,,,,,,,,,,,directory,
Carolina CHAOS Volleyball,,,,,,,,,,,,directory,
Castle Beach Volleyball,,,,,,,,,,,,directory,
CBVA,,,,,,,,,,,,directory,
Central Virginia Volleyball,,,,,,,,,,,,directory,
Charlotte Beach,,,,,,,,,,,,directory,
Chicago Sand Volleyball,,,,,,,,,,,,directory,
Chill by the Beach,,,,,,,,,,,,directory,
Chucktown Volleyball,,,,CharlestownSouth,Carolina,,,Southeast,Grass,,,directory,
Cin-City Volleyball,,,,Cincinnati,Ohio,,,,Beach,,,directory,
Coconut Beach Volleyball Association,,,,New Orleans,Louisiana,,,Southeast,Beach,,,directory,
Colorado Springs Altitude,,,,,,,,,,,,directory,
Columbia Volleyball Club,,,,,,,,,,,,directory,
CT Volley,,,,,,,,,,,,directory,
Dakine Volleyball Club,,,,,,,,,,,,directory,
Dig The Beach,,,,Fort Lauderdale,Florida,,,Southeast,Beach,,,directory,
East Beach Volleyball Academy,,,,,,,,,,,,directory,
East End Volleyball,,,,,,,,,,,,directory,
Eastside Volleyball,,,,,,,,,,,,directory,
Edge Performance Volleyball,,,,,,,,,,,,directory,
Elite Beach Volleyball,,,,,,,,,,,,directory,
Elite VBTC,,,,,,,,,,,,directory,
Emerald City Juniors,,,,,,,,,,,,directory,
Empowered Sports Club & Pro Beach Juniors,,,,,,,,,,,,directory,
FBVT,,,,,,,,,,,,directory,
First Coast Volleyball Association,,,,Jacksonville,Florida,,,Southeast,Beach,,,directory,
First Coast Volleyball Association,,,,,,,,,,,,directory,
Fulcrum Beach,,,,,,,,,,,,directory,
G-Vegas,,,,Greenville,South Carolina,,,Southeast,Grass,,,directory,
Gainesville Volleyball,,,,Gainesville,Florida,,,Southeast,Both,,,directory,
Gainesville Volleyball,,,,,,,,,,,,directory,
Goat Ropers Volleyball,,,,,,,,,,,,directory,
Good Times Volley Hub,,,,,,,,,,,,directory,
Grit Volleyball,,,,,,,,,,,,directory,
Gulf Coast Volleyball Association,,,,,,,,,,,,directory,
Hammer House Volleyball,,,,,,,,,,,,directory,
Hang 10 Volleyball,,,,,,,,,,,,directory,
Hard-Cross,,,,,,,,,,,,directory,
High Performance Athletics,,,,,,,,,,,,directory,
HMB Beach Volleyball,,,,,,,,,,,,directory,
Husky Volleyball Club,,,,,,,,,,,,directory,
Hyden Beach,,,,Spring Hill,Tennessee,,,Southeast,Beach,,,directory,yes
iBeach31 Juniors,,,,,,,,,,,,directory,
International Events,,,,,,,,,,,,directory,
International Volleyball Hall of Fame,,,,,,,,,,,,directory,
Island Beach Volleyball,,,,,,,,,,,,directory,
Jammer Volleyball,,,,,,,,,,,,directory,
JK Sports,,,,,,,,,,,,directory,
Joey's Beach Volleyball Academy,,,,,,,,,,,,directory,
Joust Beach Volleyball,,,,,,,,,,,,directory,
Juana's Beach Volleyball,,,,,,,,,,,,directory,
Kai Beach Volleyball Club,,,,,,,,,,,,directory,
KCBVA,,,,Kansas City,Kansas,,,Southeast,Both,,,directory,
Kokua Beach Volleyball Club,,,,,,,,,,,,directory,
Lakeside Beach Volleyball,,,,,,,,,,,,directory,
Las Vegas Beach Volleyball,,,,,,,,,,,,directory,
Latitude Volleyball,,,,,,,,,,,,directory,
Legacy Sports Complex,,,,,,,,,,,,directory,
Los Gatos Volleyball Club,,,,,,,,,,,,directory,
Louisiana Pro Beach Volleyball,,,,,,,,,,,,directory,
Mad Sand Volleyball,,,,,,,,,,,,directory,
Mavericks Beach Volleyball,,,,,,,,,,,,directory,
Mid-Atlantic Volleyball,,,,,,,,,,,,directory,
Midwest Sand Volleyball,,,,,,,,,,,,directory,
Milwaukee Sting Beach Volleyball Club,,,,,,,,,,,,directory,
Mt. Laurel Beach Volleyball Association,,,,,,,,,,,,directory,
Myrtle Beach Volleyball,,,,,,,,,,,,directory,
N&L Volleyball,,,,,,,,,,,,directory,
Nashville Beach,,,,,,,,,,,,directory,yes
New England Beach Volleyball Association,,,,,,,,,,,,directory,
New Hampshire Volleyball Club,,,,,,,,,,,,directory,
New Haven Volleyball,,,,,,,,,,,,directory,
Newport Volleyball Club,,,,,,,,,,,,directory,
Nona Sports,,,,,,,,,,,,directory,
North Folk Beach Volleyball,,,,,,,,,,,,directory,
Northwest Volleyball,,,,,,,,,,,,directory,
OASIS Beach Volleyball,,,,,,,,,,,,directory,
Ocala Beach Volleyball,,,,,,,,,,,,directory,
OKC Sharks Beach Volleyball,,,,,,,,,,,,directory,
Optimum Beach,,,,,,,,,,,,directory,
P4: 13 Beach KC,,,,,,,,,,,,directory,
Pafukas Volleyball,,,,,,,,,,,,directory,
Palm Coast Volleyball Academy,,,,,,,,,,,,directory,
Panama Jack Summer Slam,,,,,,,,,,,,directory,
Passing Time,,,,,,,,,,,,directory,
Pelican City Volleyball Club,,,,,,,,,,,,directory,
Phil Dalhausser Beach Volleyball Academy,,,,,,,,,,,,directory,
Pittsburgh Grass Volleyball,,,,Pittsburgh,Pennsylvania,,,,,,,directory,
Play It Forward,,,,,,,,,,,,directory,
Pleasure Island Volleyball Club,,,,,,,,,,,,directory,
Portsports,,,,,,,,,,,,directory,
Pottstown Rumble,,,,,,,,,,,,directory,yes
Project Beach Utah,,,,,,,,,,,,directory,
QBK Sports,,,,,,,,,,,,directory,
Quandomania,,,,,,,,,,,,directory,
Rally Volleyball,,,,,,,,,,,,directory,
Relentless Volleyball Tour,,,,,,,,,,,,directory,
Richmond Volleyball Club,,,,,,,,,,,,directory,
Rise Beach Tour,,,,,,,,,,,,directory,
River City Volleyball Academy,,,,,,,,,,,,directory,
RockStar Volleyball,,,,St. Petesburg,Florida,,,Southeast,Beach,,,directory,
RockStar Volleyball,,,,,,,,,,,,directory,
Rogue Pineapple Volleyball,,,,Alpharetta,Georgia,,,Southeast,Grass,,,directory,
Rogue Pineapple Volleyball,,,,,,,,,,,,directory,
Royale Beach Club,,,,,,,,,,,,directory,
RVA Grass Volleyball,,,,,,,,,,,,directory,
Sammy's Weekend Volleyball,,,,,,,,,,,,directory,
Sand Ohana,,,,,,,,,,,,directory,
Sandbox Volleyball,,,,,,,,,,,,directory,
Sandbox Volleyball,,,,,,,,,,,,directory,
Sandsharks VBC,,,,,,,,,,,,directory,
Sandstorm Beach Volleyball,,,,,Washington,,,,,,,directory,
Sandstorm Beach Volleyball Club,,,,,Florida,,,,,,,directory,
Sandyard Volleyball,,,,,,,,,,,,directory,
Setters City,,,,,,,,,,,,directory,
Shaka Beach Volleyball,,,,,,,,,,,,directory,
Shank City Volleyball,,,,,,,,,,,,directory,
Sideout Volleyball,,,,,,,,,,,,directory,
Sinjin Volleyball,,,,,,,,,,,,directory,
Smash Volleyball,,,,,,,,,,,,directory,
Soda City Classic,,,,,,,,,,,,directory,
SoFLO Volleyball Academy,,,,,,,,,,,,directory,
South Beach Volley,,,,,,,,,,,,directory,
South County Juniors,,,,,,,,,,,,directory,
Southern Connecticut Volleyball,,,,,,,,,,,,directory,
Southern Sand Volleyball,,,,,,,,,,,,directory,
SouthJamm Volleyball,,,,,,,,,,,,directory,
Spike and Serve,,,,,,,,,,,,directory,
Sports Edge Beach,,,,,,,,,,,,directory,
Sportslink,,,,,,,,,,,,directory,
SR1 Volleyball,,,,,,,,,,,,directory,
SSOVA,,,,Clearwater,Florida,,,Southeast,Beach,,,directory,yes
SSOVA,,,,,,,,,,,,directory,yes
Stellar Volleyball,,,,,,,,,,,,directory,
Summer Sand Volleyball,,,,,,,,,,,,directory,
Susquehanna Sports,,,,,,,,,,,,directory,
TAG Beach Volleyball Club,,,,,,,,,,,,directory,
Texas Tigers Juniors,,,,,Texas,,,,,,,directory,
Texas Beach Volleyball Association,,,,,Texas,,,South,Beach,,,directory,
Texas Volley Stars,,,,,,,,,,,,directory,
The Deep VBC,,,,,,,,,,,,directory,
The LAB,,,,,,,,,,,,directory,
The Sand Club - Juniors,,,,,,,,,,,,directory,
The Sandbox,,,,,,,,,,,,directory,
The Shady Sandbox,,,,,,,,,,,,directory,
Third Coast Volleyball,,,,,,,,,,,,directory,
Tidewater Volleyball Association,,,,,,,,,,,,directory,
Tim Carlson,,,,Hendersonville,Tennessee,,,Southeast,Grass,,,directory,
Titan Performance,,,,,,,,,,,,directory,
Torch Beach Volleyball,,,,,,,,,,,,directory,
Treasure Lake Volleyball,,,,,,,,,,,,directory,
Ultra Instinct Volleyball,,,,Knoxville,Tennessee,,,Southeast,Grass,,,directory,
UMR Sports,,,,,,,,,,,,directory,
Upstate Legacy,,,,,,,,,,,,directory,
USA Volleyball,,,,,,,,,,,,directory,
V3 Volleyball,,,,,,,,,,,,directory,
VB Life,,,,,,,,,,,,directory,
VCAVA Volleyball,,,,,,,,,,,,directory,
Vero Beach Volleyball,,,,,,,,,,,,directory,
Volley Iowa,,,,,,,,,,,,directory,
VolleyBums,,,,,,,,,,,,directory,
VolleyiQ,,,,,,,,,,,,directory,
Vollis,,,,Hermitage,Tennessee,,,Southeast,Beach,,,directory,
Vollis Beach,,,,,,,,,,,,directory,
Voo Doo Beach,,,,,,,,,,,,directory,
VOTR - Volleyball of the Rockies,,,,,,,,,,,,directory,
Waupaca Boatride,,,,,,,,,,,,directory,yes
Westchester Volleyball NY,,,,,,,,,,,,directory,
Westerly Volleyball Association,,,,,,,,,,,,directory,
Will Power Volleyball,,,,,,,,,,,,directory,
Wilmington Beach Volleyball,,,,,,,,,,,,directory,
Wilmington Volleyball Series,,,,,,,,,,,,directory,
Wisconsin Ice VBC,,,,,,,,,,,,directory,
Wootown Volleyball,,,,,,,,,,,,directory,
Wyld Card Volleyball,,,,,,,,,,,,directory,
XSV Beach Volleyball,,,,,,,,,,,,directory,
