first,last,email,city,state
Justin,Dowdle,theacejustindowdle@gmail.com,Alabaster,AL
Gabe,Burgamy,gabeburgamy13@gmail.com,Auburn,AL
Meghan,Padial,mtpadial1@gmail.com,Austin,TX
Joe,Alaimo,birminghambeach@gmail.com,Birmingham,AL
Donnie,Bennett,Bennettdonnie90@gmail.com,Birmingham,AL
Turtle,Corbett,tlcorbett2@gmail.com,Birmingham,AL
Michael,Edmonson,mledmonson0012@gmail.com,Birmingham,AL
Riley,Marshall,rileyd.marshall@gmail.com,Bowling GreenKY,
Amber,Lally,amberlally@gmail.com,Charleston,SC
Jasmine,Roy,jasminenroy@hotmail.com,Chattanooga,TN
Barry,Stutheit,bstuth00@hotmail.com,Chattanooga,TN
Adam,Mangeot,amangeot19@gmail.com,Chicago,IL
Ryan,Weiler,rweiler123@yahoo.com,Chicago,IL
Abigial,Thompson,abigailhildenbrand11@gmail.com,Elizabeth,CO
Aaron,Drury,druryat98@gmail.com,Evansville,IN
Kelsi,Klein,kk411@evansville.edu,Evansville,IN
Amber,Jack,ajack12.aj@gmail.com,Fort Walton,FL
Brooke,Beasley,Brookeabeasley@gmail.com,Huntsville,AL
Jess,Hornyak,hornyakjess@gmail.com,Jacksonville,FL
Catelyn,Krings,catelyn.krings4@gmail.com,Knoxville,TN
Jesse,Osbourne,Jesse306@comcast.net,Knoxville,TN
Justin,Aulds,Justin.aulds95@gmail.com,Lexington,KY
Gil,Bagang,Gildardorbagang@gmail.com,Lexington,KY
Haley,McCabe,haley.mccabe1@gmail.com,Lexington,KY
Fernando,Zarate,jfzarate17@gmail.com,Lexington,KY
Alyssa,Cosgrove,Alyssa.cosgrove28@gmail.com,Louisville,KY
Roman,Lytovchenko,Roman.lytovchenko.rl@gmail.com,Louisville,KY
Mak,Montano,mak11montano@gmail.com,Louisville,KY
Brennan,Sandefer,pkbomb27@yahoo.com,Memphis,TN
David,Carmona,davidcar09@gmail.com,Miami,FL
Natalie,Jones,natalietealjones@gmail.com,Milwaukee,WI
Dane,Schweinzger,Dane.Schweinzger@gmail.com,Milwaukee,WI
Robbie,Berg,robbie.berg06@gmail.com,Mishawaka,IN
James,Boulie,james@boulie.me,Nashville,TN
Evan,Britt,EvanBritt410@gmail.com,Nashville,TN
Shannon,Brockman,Watson.n.shannon@gmail.com,Nashville,TN
Stacy,Coon,Stacy.Coon24@gmail.com,Nashville,TN
Modesto,Cruz,modesto.cruz05@gmail.com,Nashville,TN
Dave,Derosa,Davidaderosa21@gmail.com,Nashville,TN
Aaron,Dolgos,aarondolgos@gmail.com,Nashville,TN
Sabi,Fantoni,sabrinafantoni@icloud.com,Nashville,TN
Marquis,Hagewood,marquishagewood94@gmail.com,Nashville,TN
Isaiah,Han,isaiahhan3@gmail.com,Nashville,TN
Rob,Hill,Thelockknot@gmail.com,Nashville,TN
Emily,Hulbert,ebhulbert@gmail.com,Nashville,TN
Cassie,Johnson,eissacjohnson@gmail.com,Nashville,TN
Garrett,Kenyon,garrettkenyon10@gmail.com,Nashville,TN
Shayne,Laflin,shayne.laflin20@gmail.com,Nashville,TN
Anton,Lagochniak,anton.lagochniak@gmail.com,Nashville,TN
Josh,McDonald,joshmcdonald928@gmail.com,Nashville,TN
Alec,McInroy,amcinroy212@gmail.com,Nashville,TN
Jessica,Muczynski,muczynski5@gmail.com,Nashville,TN
Bridgette,O'Brien,bridgettekobrien@gmail.com,Nashville,TN
Lauren,Ovalle,laurenaovalle@gmail.com,Nashville,TN
Jenn,Senesavath,jsenesavath@gmail.com,Nashville,TN
Olivia,Smith,oliviascotsmith@gmail.com,Nashville,TN
Jacob,Smith,jsmithvball33@gmail.com,Nashville,TN
Jay,Tremblay,jtremblaytn@gmail.com,Nashville,TN
Jake,Whyte,jakewhyte2019@gmail.com,Nashville,TN
Luke,Wichmann,lukewichmann21@gmail.com,Nashville,TN
Cami,Williams,camilwilliams10@gmail.com,Nashville,TN
Miranda,Yadira,Mcnealmiranda@gmail.com,Nashville,TN
Kavan,Yoder,kcyoder97@gmail.com,Nashville,TN
Thomas,Roth,Tcroth3639@gmail.com,Owensboro,KY
Mason,Andrasko,Masona0225@gmail.com,St. Louis,MO
JM,Benton,jmbenton501@gmail.com,St. Louis,MO
Tony,Brooks,tony_o_brooks@yahoo.com,St. Louis,MO
Maeve,Coulter,mcoulter928@gmail.com,St. Louis,MO
Gino,D'Alessio,dalesgino0407@gmail.com,St. Louis,MO
Sally,Dallman,dallman_s@yahoo.com,St. Louis,MO
Emma,Guthrie,emma.guthrie@welch.edu,St. Louis,MO
Logan,Havens,loganchavens@gmail.com,St. Louis,MO
Jackson,Landewe,jacksonlandewe@gmail.com,St. Louis,MO
Trevor,Lewis,trever.lewis36@gmail.com,St. Louis,MO
Zari,Montgomery,ZariMontgomery@gmail.com,St. Louis,MO
Kam,Olson,olsonkameron@gmail.com,St. Louis,MO
Mia,Orlet,morlet5801@gmail.com,St. Louis,MO
Brett,Stroder,brettstroder21@gmail.com,St. Louis,MO
Ty,Valentine,valentinety3@gmail.com,St. Louis,MO
Tori,Wood,Toriwoodakpsi@gmail.com,St. Louis,MO
Katie,Anderson,Katiemanders5@gmail.com,St. Petersburg,FL
Jay,Baran,Jamesbaran4114@gmail.com,St. Petersburg,FL
Jerry,Beres,beresjeremiah3@gmail.com,St. Petersburg,FL
Erika,Ferguson,erikajpifer@gmail.com,St. Petersburg,FL
Courtney,Hubbard,hubbard448@gmail.com,St. Petersburg,FL
Noah,Shever,shevernoah@gmail.com,St. Petersburg,FL
Alex,Spencer,alexandra_spencer@icloud.com,St. Petersburg,FL
Rachel,Ahrens,Rachel.lahrens@yahoo.com,Tampa,FL
Morgan,Chacon,morganchacon@outlook.com,Tampa,FL
Julia,Morgan,julia@tampabayclubsport.com,Tampa,FL
Mason,Chambers,Official.mason.chambers@gmail.com,,VA
Mason,Chambers,chambersmason17@gmail.com,,
Kate,Cosgrove,katelyn.cosgrove28@gmail.com,,KY
Olivia,Dailey,oliviadailey884@gmail.com,,AL
Josh,Duemer,j.duemer@gmail.com,,TN
Katie,Fellmeth,fellmethk2@gmail.com,,AL
Kyle,Foley,kmfoley22@gmail.com,,
Ryan,Frazier,RLFrazier27@gmail.com,,
Mason,Gamero,Masongamero@gmail.com,,CO
Gary,Griffin,Griffinbgary@gmail.com,,
Joey,Hermes,joeyhermes23@gmail.com,,KY
Tyler,Inman,tyinman1015@gmail.com,,
Bree,Kolomiza,Brees765@yahoo.com,,MO
Kristan,Parris,KristanParris@gmail.com,,TN
Jordan,Pierce,jordanpiercehsv@gmail.com,,AL
Kendall,Pollock,kendall13pollock@gmail.com,,FL
Amy,Schryver,akschryver7@gmail.com,,WI
Jerel,Sensenig,jerelsensenig@gmail.com,,OH
Theo,Weinberger,theoweinberger@gmail.com,,CA
Lauren,English,laurennenglish2@gmail.com,St. Louis,MO
Kyle,Deutschmann,deutschmannkyle@gmail.com,St. Louis,MO
Brooke,Hoven,Brooke.hoven7@gmail.com,Birmingham,AL
,,zanty77934@gmail.com,,
,,zachmcleanhomes@gmail.com,,
,,zach.aulie@gmail.com,,
,,yiannimartinez@yahoo.com,,
,,xsk8erjay@gmail.com,,
,,win2000@tds.net,,
,,wienkers.britt@gmail.com,,
,,wesleyeveld@gmail.com,,
,,werkmeistermiranda@yahoo.com,,
,,volleybella04@gmail.com,,
,,volleyballgod101@gmail.com,,
,,velaa817@gmail.com,,
,,vanessarcundiff@gmail.com,,
,,tylorsherk@gmail.com,,
,,tylerpenberthy@me.com,,
,,tristenbwilson@gmail.com,,
,,trinitylj60@gmail.com,,
,,treylemon33@gmail.com,,
,,treumliv@berkeleyprep.org,,
,,trentonbyas@gmail.com,,
,,tregg862@gmail.com,,
,,tranger72@gmail.com,,
,,tkc4500@gmail.com,,
,,tiffany.edwall@gmail.com,,
,,theriault.tyler@gmail.com,,
,,themadole@hotmail.com,,
,,thanie1695@gmail.com,,
,,tckanejr@gmail.com,,
,,tbnahodil@gmail.com,,
,,taylorchatigny2025@gmail.com,,
,,taustinjths@gmail.com,,
,,tambre.17@gmail.com,,
,,tabaresjuan483@gmail.com,,
,,suppat739+1@gmail.com,,
,,superchickencoop11@gmail.com,,
,,sunbums@protonmail.com,,
,,stpete@gmail.com,,
,,stoneshannon46@gmail.com,,
,,stephaniefreeman703@gmail.com,,
,,srwett.98@gmail.com,,
,,spacemanshantb@gmail.com,,
,,sonofaslan11@gmail.com,,
,,sincerely.amber@yahoo.com,,
,,sheenaderockerfitness@gmail.com,,
,,sammyrebecca01@gmail.com,,
,,sammygonzalo03@yahoo.com,,
,,sammygibson12@gmail.com,,
,,samijamessd9@gmail.com,,
,,samfurukawa1@gmail.com,,
,,samantha.dale.williams@gmail.com,,
,,sabra.ssgroup@gmail.com,,
,,s.beisner@aol.com,,
,,ryantharris@gmail.com,,
,,ryann_appleby@aol.com,,
,,romone.rudolph@warner.edu,,
,,rodolfobiegelmeyer@gmail.com,,
,,rnsullivan681@gmail.com,,
,,rmarenar@gmail.com,,
,,riyonpraveen23@icloud.com,,
,,riyonpraveen23@gmail.com,,
,,risabeis@yahoo.com,,
,,ripollcid@gmail.com,,
,,rhafner915@gmail.com,,
,,reganprost@gmail.com,,
,,regan.mcguire10@gmail.com,,
,,rebeccalwilson8@gmail.com,,
,,rebeccakayjohnson101@gmail.com,,
,,ready1999@gmail.com,,
,,rd33coleman@gmail.com,,
,,rbitton2533@gmail.com,,
,,raul_1496@icloud.com,,
,,randall.horton11@gmail.com,,
,,rainabooy@gmail.com,,
,,rafaelhernandez09@icloud.com,,
,,rafabiegelmeyer@icloud.com,,
,,rachhhel78@gmail.com,,
,,rachelfletcherr19@gmail.com,,
,,rachelcat@att.net,,
,,raabmakenzie@gmail.com,,
,,promisejb3@gmail.com,,
Olivia,,Premieratheleticsstl@gmail.com,,
,,praab88@gmail.com,,
,,pmbrunick@icloud.com,,
,,phoenixsims77@gmail.com,,
,,phillipsjenna17@gmail.com,,
,,philipcj555@gmail.com,,
,,pettycayden5@icloud.com,,
,,peternguyen613@yahoo.com,,
,,pdmasters2@gmail.com,,
,,paulyfilmphotography@gmail.com,,
,,patrickdh1223@gmail.com,,
,,pat.meyer33@yahoo.com,,
,,paradise.kyle@gmail.com,,
,,oscar.villarreal76@yahoo.com,,
,,onebluui@gmail.com,,
,,omareg06@gmail.com,,
,,okkumottv@gmail.com,,
,,nylamuskovin@yahoo.com,,
,,nvreman@gmail.com,,
,,nvinkle@ufl.com,,
,,novinales21@gmail.com,,
,,norgepuentes@hotmail.com,,
,,non@yaho.com,,
,,noahslage@gmail.com,,
,,nlange26@hotmail.com,,
,,nicoler.0102@yahoo.com,,
,,nicolascastro3@gmail.com,,
,,nguyenandy386@gmail.com,,
,,neca.jh@gmail.com,,
,,nathan.t.yang@gmail.com,,
,,natemillervolley@gmail.com,,
,,nate.yang22@gmail.com,,
,,natasha.bannister5@gmail.com,,
,,mwasilak@gmail.com,,
,,mvpgeckos@yahoo.com,,
,,mullenjacob63@gmail.com,,
,,mthomasvball5@gmail.com,,
,,msmi179@gmail.com,,
,,mppavon96@gmail.com,,
,,moskowitzjoe@aol.com,,
,,morica.nichols@gmail.com,,
,,morganthomas2@gmail.com,,
,,morganeder18@gmail.com,,
,,montanaraepelak@gmail.com,,
,,MonicaMussack@hotmail.com,,
,,monicacosta@live.com,,
,,mohamedmamoun2004@hotmail.com,,
,,mnmarissa190@yahoo.com,,
,,mjcsoup@gmail.com,,
,,milos.sipragic@warner.edu,,
,,mikeports24@yahoo.com,,
,,mikaila.khaleesi@hotmail.com,,
,,miguelenieves33@gmail.com,,
,,migueladrielss@gmail.com,,
,,mherman@perfusionusa.com,,
,,merrmorgan@gmail.com,,
,,meganstanton10@outlook.com,,
,,meganrkramer@gmail.com,,
,,mebrunick@icloud.com,,
,,mcculley13@aol.com,,
,,mccluskeycb@gmail.com,,
,,mbeachy92@gmail.com,,
,,maxagilpin@gmail.com,,
,,mauriciodiaz0722@gmail.com,,
,,mattwarg0211@gmail.com,,
,,mattpetersontpa@gmail.com,,
,,matthewvalentim1999@gmail.com,,
,,matiasu88@gmail.com,,
,,marshamesser@yahoo.com,,
,,markus.koeppke276@gmail.com,,
,,mark@betteratbeach.com,,
,,mark_brich@yahoo.com,,
,,marina.s.millan@gmail.com,,
,,maribethkern@gmail.com,,
,,marcuskirkland14@gmail.com,,
,,mamabtesting@gmail.com,,
,,madison.s.seuzeneau@gmail.com,,
,,madison_janssens@icloud.com,,
,,madelinewienkers@gmail.com,,
,,maddiedrewry@gmail.com,,
,,madarabajare@gmail.com,,
,,ma-yara-lopes@hotmail.com,,
,,lyndiehadd5@gmail.com,,
,,lydiagsmith10@gmail.com,,
,,luso727wrx@gmail.com,,
,,lukedeviney@gmail.com,,
,,luisalfredo.martinez0514@gmail.com,,
,,lucasjnievs@gmail.com,,
,,ltevans11@gmail.com,,
,,lstefan14@gmail.com,,
,,lovetttrevor@gmail.com,,
,,lognash12@gmail.com,,
,,loganfuglestad@gmail.com,,
,,lilaortiz5@icloud.com,,
,,lichty6@gmail.com,,
,,lexy.r.sinclair@gmail.com,,
,,laurenkennyspring@gmail.com,,
,,laroche.danielj@gmail.com,,
,,Kyle.Frazier@stu.proskills.edu,,
,,kyerakhavets@gmail.com,,
,,kwanx@yahoo.com,,
,,kvballlover@live.com,,
,,krystal.kubo@gmail.com,,
,,kristinbeck1013@gmail.com,,
,,kristin.stanley12@gmail.com,,
,,krdeluca@valdosta.edu,,
,,klriverasantiago@gmail.com,,
,,kknorr2@gmail.com,,
,,kitanalim@gmail.com,,
,,kianasawtelle18@gmail.com,,
,,khyeriqdesauguste@gmail.com,,
,,kgathman1@yahoo.com,,
,,kevinsanchez@outlook.com,,
,,kev16sanhez@gmail.com,,
,,kennady_123@yahoo.com,,
,,kelsj1@gmail.com,,
,,kelseyrankin8@gmail.com,,
,,kelseybeyer22@gmail.com,,
,,kelseybeyer@gmail.com,,
,,kelsey0123@me.com,,
,,kayleemandt@gmail.com,,
,,kayla.trefren@gmail.com,,
,,kayla.keane37@gmail.com,,
,,katie.puisis@gmail.com,,
,,katherinelynncoverdale@gmail.com,,
,,katelynkbradley@outlook.com,,
,,kat.colon@aol.com,,
,,kameron.beans0609@gmail.com,,
,,kalinmorg@gmail.com,,
,,kaityreed@embarqmail.com,,
,,juliedaniels728@gmail.com,,
,,juliangreenup@yahoo.com,,
,,jtmccormick05@gmail.com,,
,,jtcorr1@gmail.com,,
,,jpwojtow@gmail.com,,
,,jpsurf78@gmail.com,,
,,jpcapra35@gmail.com,,
,,jp.lazo23@gmail.com,,
,,joshuapu920@gmail.com,,
,,joshuacarmona0921@gmail.com,,
,,josephmoss21201@gmail.com,,
,,jordon@proactivesurvivor.com,,
,,jordanpoventud50@gmail.com,,
,,jordanhendrick34@gmail.com,,
,,jordanbarreto10@yahoo.com,,
,,jonathanvoley2@gmail.com,,
,,jonathan999909@gmail.com,,
,,johnnytruong4@gmail.com,,
,,johnmazzotti2@gmail.com,,
,,john.kalugar@gmail.com,,
,,joecain@gmail.com,,
,,jocelynalfar@icloud.com,,
,,jnicholswebb@gmail.com,,
,,jnhoupt@gmail.com,,
,,jk6380@aol.com,,
,,jjkolash@gmail.com,,
,,jhameline00@gmail.com,,
,,jessicaangelo2019@gmail.com,,
,,jeschultz19@gmail.com,,
,,jere0617@icloud.com,,
,,jennaphillips224@gmail.com,,
,,jenhoffman02@yahoo.com,,
,,jefferysamuels86@gmail.com,,
,,jchoovball@gmail.com,,
,,jchoochew@gmail.com,,
,,jcclass7@gmail.com,,
,,jcbasketballkid@gmail.com,,
,,jayrschmidt@outlook.com,,
,,jasoncamacho90@gmail.com,,
,,jareddhoward4@gmail.com,,
,,janhea.beisner@outlook.com,,
,,janessademe07@gmail.com,,
,,jamahramus@gmail.com,,
,,jakubaniolczyk17@gmail.com,,
,,jaderace22@gmail.com,,
,,jaden2121k@gmail.com,,
,,jacobpoventud759@gmail.com,,
,,jackbittker@gmail.com,,
,,jacalle1234@gmail.com,,
,,iveyandrews@gmail.com,,
,,ilja.cybulskis@gmail.com,,
,,idknihun@gmail.com,,
,,idaethridge@gmail.com,,
,,ianbarker@ucwv.edu,,
,,iamjessepetersjp@gmail.com,,
,,hung93tu@gmail.com,,
,,hollyrowe170@gmail.com,,
,,hman.33@live.com,,
,,henckstephen@yahoo.com,,
,,haleycoulter2@gmail.com,,
,,haileynicole445@yahoo.com,,
,,haileymscheffler@gmail.com,,
,,habowersox@gmail.com,,
,,h.hogg88@gmail.com,,
,,gvillamil101587@yahoo.com,,
,,gustavo.perrelli@gmail.com,,
,,gummyphill@icloud.com,,
,,gsjfaime@gmail.com,,
,,gsferris@gmail.com,,
,,greentannerh@gmail.com,,
,,grc142@msstate.edu,,
,,graysonhallvb@gmail.com,,
,,gibbscailea@gmail.com,,
,,gerardo.rangel1@icloud.com,,
,,gavinpattersonnn@gmail.com,,
,,gabecleveland21@gmail.com,,
,,frank.r.grieco@gmail.com,,
,,fisdrunner@gmail.com,,
,,ficojesica@gmail.com,,
,,ezra.meador16@gmail.com,,
,,evadupay@yahoo.com,,
,,ethankeung7@gmail.com,,
,,esamy0608@gmail.com,,
,,enrique.sotovb@gmail.com,,
,,emoerther@gmail.com,,
,,emily.eurice0617@gmail.com,,
,,elvisbegic@ymail.com,,
,,elisa.landry19@gmail.com,,
,,ehamann0@gmail.com,,
,,Eduardogfiveca@gmail.com,,
,,eddiecherry68@gmail.com,,
,,dylanlavner@gmail.com,,
,,dweiss865@gmail.com,,
,,duvelcade@gmail.com,,
,,driverdelaney@gmail.com,,
,,dongzilla4lyfe@yahoo.com,,
,,dominic.rama@gmail.com,,
,,dmarze99@gmail.com,,
,,dlacevedo22@yahoo.com,,
,,dkolovitz@gmail.com,,
,,dkeeter757@gmail.com,,
,,diego7campos@gmail.com,,
,,dgarrett@4kmc.com,,
,,dgaleazzi20@gmail.com,,
,,deleon199127@students.reinhardt.edu,,
,,deeerahma@gmail.com,,
,,davidjturk@gmail.com,,
,,david.souksengphet@gmail.com,,
,,darrinhokanson24@gmail.com,,
,,darionlgraham1122@gmail.com,,
,,daniellekroen@gmail.com,,
,,danielkwekel6@gmail.com,,
,,daniel8851@icloud.com,,
,,dana.atafua@gmail.com,,
,,dan.boileau91@gmail.com,,
,,cristo.rojo@erskine.edu,,
,,coylekevin@comcast.net,,
,,cooper.k.cheng@gmail.com,,
,,coachbillian@gmail.com,,
,,cmcbt4@gmail.com,,
,,cjwhelan20@gmail.com,,
,,ciarareistad@gmail.com,,
,,christiankinlaw@gmail.com,,
,,christian@heritagebees.com,,
,,chinoj2@gmail.com,,
,,chelsea.vandyk11@gmail.com,,
,,chazbeaver@gmail.com,,
,,challstrand@gmail.com,,
,,cgarner092004@yahoo.com,,
,,cfergus7@gmail.com,,
,,cecil2810.maria@gmail.com,,
,,catelinsley@gmail.com,,
,,cassidyehrie@me.com,,
,,carsonmbarnes@gmail.com,,
,,carloscpr@yahoo.com,,
,,calvinnowicki@yahoo.com,,
,,calebtannehill3@gmail.com,,
,,c.boyce.w@hotmail.com,,
,,btroyer05@gmail.com,,
,,brittanytep@gmail.com,,
,,brittanyjaco94@gmail.com,,
,,brimaccoux@gmail.com,,
,,briemiller2020@gmail.com,,
,,brendencorder@gmail.com,,
,,braydendicerb@icloud.com,,
,,brandontonyn@gmail.com,,
,,bozemanbradleyj@gmail.com,,
,,bolson2224@gmail.com,,
,,bollingdevon@gmail.com,,
,,bmreardon97@gmail.com,,
,,bluesteelvbc@hotmail.com,,
,,bjoyc22@icloud.com,,
,,bettsjilly@yahoo.com,,
,,bereschristy@gmail.com,,
,,bennaouai33@gmail.com,,
,,benlundgaard@gmail.com,,
,,bekah.muller7@gmail.com,,
,,beckerjack2006@gmail.com,,
,,beachofficials@usav.org,,
,,bdzentkovich@gmail.com,,
,,bdutko7@gmail.com,,
,,bciviero@rollins.edu,,
,,bcdewes@gmail.com,,
,,bburton0926@gmail.com,,
,,bayleeverner@gmail.com,,
,,basketballhq@gmail.com,,
,,barcofelipe03@gmail.com,,
,,bailey.e.higgins7@gmail.com,,
,,austintchikatilov@live.com,,
,,austinhagge@hotmail.com,,
,,auroranewgard@gmail.com,,
,,augustoaraujosilva@gmail.com,,
,,augustbrittain@gmail.com,,
,,atulthomas@gmail.com,,
,,aspeny56@gmail.com,,
,,asl102104@gmail.com,,
,,asasewell@gmail.com,,
,,antonio.zoe@gmail.com,,
,,antonio.ochoa@gmx.com,,
,,annamease137@gmail.com,,
,,annakdunbar@gmail.com,,
,,annae0130@gmail.com,,
,,angelcarbajal05@yahoo.com,,
,,andressampayo10@gmail.com,,
,,andres.hannah101@gmail.com,,
,,andreatvlyon@gmail.com,,
,,amwfalcon@gmail.com,,
,,ambrozicnicolas@gmail.com,,
,,amaris200418@gmail.com,,
,,amandeberle@gmail.com,,
,,amandadoherty02@gmail.com,,
,,amanda.l.mckinzie@gmail.com,,
,,alyssadlatham@gmail.com,,
,,allisonkoller05@gmail.com,,
,,allierando@gmail.com,,
,,aliviajhorn@yahoo.com,,
,,alinacarr9@gmail.com,,
,,aligardiner0987@gmail.com,,
,,alidenney@gmail.com,,
,,aliceajustin2@gmail.com,,
,,alexwilbyy@gmail.com,,
,,alexandrea.walters1@gmail.com,,
,,alex2004castro@gmail.com,,
,,alant512@gmail.com,,
,,akbowerssrq@gmail.com,,
,,aj.8.schmidt@gmail.com,,
,,aidanpatterson@mailfence.com,,
,,afassnacht131@gmail.com,,
,,adriannan93@gmail.com,,
,,adogmack@gmail.com,,
,,adamowski.aly@gmail.com,,
,,adam.spring.8564@gmail.com,,
,,abxobx@gmail.com,,
,,abennett526@yahoo.com,,
,,abeaver975@gmail.com,,
,,aarondaudert@gmail.com,,
,,2015rubenlopez@gmail.com,,
,,100brinks@gmail.com,,
,,10.alexis.nicole@gmail.com,,
