slug,organization,seasons,events_total,years,first_event,last_event,city,state,latitude,longitude,venues,median_team_fee_usd,email,phone,contact_person,website,facebook,schedule_2026_acquired,survey_sent,survey_responded,in_tracker
players-sport-social-group,Players Sport & Social Group,3,17,2022|2023|2024,2022-04-01,2024-06-22,West Dundee,IL,41.854347674418634,-87.67521162790689,4,120,,,,,,,,,
chucktown-volleyball,Chucktown Volleyball,3,56,2022|2023|2024,2022-03-25,2024-06-16,Charleston,SC,32.82524375,-79.92826249999999,3,40,Chucktownvolleyball@gmail.com,,Jasmin,https://chucktown.volleyballlife.com/events,,yes,"Monday, April 27",,yes
rogue-pineapple-volleyball,Rogue Pineapple Volleyball,2,19,2023|2024,2023-03-11,2024-10-26,Chattanooga,TN,33.810920202020185,-84.38051313131322,13,160,,,,,,,,,yes
emerald-coast-volleyball,Emerald Coast Volleyball,2,13,2023|2024,2023-04-19,2024-10-19,Fort Walton Beach,FL,30.43003333333333,-86.6245,2,400,,,,,,,,,
volleybums,VolleyBums,2,8,2022|2024,2022-05-27,2024-06-30,Columbia,SC,34.01606176470589,-81.00768529411766,1,,colavolleybums@gmail.com,,Austin & Halle Daniel,https://volleybums.com/,,,"Saturday, May 2",,yes
pottstown-rumble,Pottstown Rumble,2,4,2022|2024,2022-06-24,2024-06-23,Pottstown,PA,40.2277,-75.64125,2,,,,,,,,,,yes
g-vegas,G-Vegas,2,8,2022|2024,2022-04-01,2024-05-26,Greenville,SC,34.912,-82.4666,1,135,,,,,,,,,yes
soda-city-classic,Soda City Classic,2,4,2022|2024,2022-05-20,2024-05-19,Columbia,SC,34.01606176470589,-81.00768529411766,1,,,,,,,,,,yes
jacob-smith,Jacob Smith,2,2,2023|2024,2023-05-07,2024-05-05,Milton,TN,35.9221,-86.1824,2,120,,,,,,,,,
ashleigh-moffett,Ashleigh Moffett,2,3,2023|2024,2023-11-19,2024-04-07,Murfreesboro,TN,35.8414,-86.41422857142857,2,160,,,,,,,,,
901-volleyball,901 Volleyball,2,2,2023|2024,2023-11-04,2024-03-30,Memphis,TN,35.15857460317463,-89.970865079365,2,80,brent@901volleyball.org,,Brent Grablachoff,https://www.901volleyball.org/,,yes,"Monday, April 27",,yes
tim-carlson,Tim Carlson,2,6,2023|2024,2023-03-11,2024-03-24,Hendersonville,TN,36.305049999999994,-86.61415,5,35,,,,,,,,,yes
hustle-factory,Hustle Factory,2,4,2023|2024,2023-03-04,2024-03-16,Spring Hill,TN,35.7173,-86.9048,2,50,hustlefactoryvolleyball@gmail.com,478-954-7309,Tim Cooper,https://hustlefactorysportscomplex.com/,,,,,yes
king-louie-s-beach-volleyball,King Louie's Beach Volleyball,2,2,2023|2024,2023-11-04,2024-03-16,Louisville,KY,38.208448484848475,-85.69630606060609,2,80,,,,,,,,,
ssova,SSOVA,1,34,2024,2024-05-11,2024-12-15,St. Pete Beach,FL,27.7456,-82.7516,7,150,,,,,,,,,yes
nashville-beach,Nashville Beach,1,50,2024,2024-04-06,2024-10-20,Joelton,TN,36.329,-86.9163,1,,beachresearch@yahoo.com,615-584-7440,Janice & Roman Reese,https://nashvillebeach.com/,https://www.facebook.com/NashvilleBeach,,"Monday, April 27",,yes
angry-dragons-volleyball,Angry Dragons Volleyball,1,8,2024,2024-03-02,2024-10-12,Doraville,GA,33.5242,-84.359,2,135,ryan@angrydragonvolleyball.com angrydragon@angrydragonvolleyball.com,770-330-7062,Ryan,https://www.angrydragonvolleyball.com/,,yes,"Monday, April 27",,yes
tim,Tim,1,6,2024,2024-05-25,2024-08-03,Hendersonville,TN,36.3054,-86.6072,2,140,,,,,,,,,
the-kawas,The Kawas,1,1,2024,2024-07-28,2024-07-28,Seymour,TN,35.87,-83.7495,1,80,,,,,,,,,
barry-sarah-stutheit,Barry & Sarah Stutheit,1,1,2024,2024-07-27,2024-07-27,East Ridge,TN,35.025,-85.1459,1,120,,,,,,,,,
marshall-madness,Marshall Madness,1,2,2024,2024-07-20,2024-07-21,Bowling Green,KY,37.0174,-86.4518,1,,,,,,,,,,
hyden-beach,Hyden Beach,1,8,2024,2024-05-17,2024-07-19,Spring Hill,TN,35.7173,-86.9048,1,25,,615-987-0792,John Hyden,https://kinglouiesvolleyball.com/,,yes,"Monday, April 27",,yes
upstate-legacy,Upstate Legacy,1,4,2024,2024-05-04,2024-07-14,Clemson,SC,34.6831,-82.825,2,95,,,,,,,,,yes
avl-hoppers,AVL Hoppers,1,4,2024,2024-04-20,2024-07-07,Asheville,NC,35.5808,-82.6078,2,80,AVLhoppers@gmail.com,,Brenda Galvan,https://www.avlhoppers.com/,,,"Monday, April 27",,yes
springfield-splash,Springfield Splash,1,3,2024,2024-05-31,2024-06-02,Springfield,MO,37.0169,-93.2022,1,65,,,,,,,,,
aaron-drury,Aaron Drury,1,2,2024,2024-06-01,2024-06-01,Evansville,IN,37.9678,-87.4855,1,120,,,,,,,,,
usa-volleyball,USA Volleyball,1,6,2024,2024-05-24,2024-05-29,Columbus,OH,39.9671,-83.0044,1,,,,,,,,,,yes
cumberland-university,Cumberland University,1,1,2024,2024-05-25,2024-05-25,Lebanon,TN,36.2098,-86.3024,1,45,,,,,,,,,
columbia-volleyball-club,Columbia Volleyball Club,1,2,2024,2024-04-27,2024-04-28,Columbia,SC,34.0726,-81.1796,1,,columbiava@sportsoffice365.com,443-228-3772,Amir Tabrizi,https://www.columbiavolleyballclub.com/,,,"Monday, April 27",,yes
bree-kolomiza,Bree Kolomiza,1,1,2024,2024-04-20,2024-04-20,Springfield,MO,37.1668,-93.3085,1,120,,,,,,,,,
rogue-pineapple-volleyball-vollis,Rogue Pineapple Volleyball & Vollis,1,2,2024,2024-04-06,2024-04-07,Tracy City,TN,35.2721,-85.7362,1,,,,,,,,,,
birmingham-beach-adult-volleyball,Birmingham Beach Adult Volleyball,1,1,2024,2024-03-16,2024-03-16,Pelham,AL,33.2932,-86.768,1,80,,,,,,,,,yes
cin-city,Cin-City,1,2,2024,2024-03-09,2024-03-09,Loveland,OH,39.2445,-84.2588,1,90,,,,,,,,,
chattanooga-state-community-college,Chattanooga State Community College,1,2,2024,2024-02-17,2024-02-18,Chattanooga,TN,35.0614,-85.2478,1,160,,,,,,,,,
pelican-city-volleyball-club,Pelican City Volleyball Club,1,1,2024,2024-02-10,2024-02-10,St. Petersburg,FL,27.7353,-82.6663,1,120,tyler@pelicancity.club,,Tyler Penberthy,,,,"Saturday, May 2",,yes
vollis,Vollis,1,2,2023,2023-11-11,2023-11-18,Jeffersontown,KY,36.1664564102564,-86.78566153846147,2,,,,,,,,,,yes
mean-green-llc-volleyball,Mean Green LLC Volleyball,1,1,2023,2023-11-11,2023-11-11,Lexington,KY,38.02957948717946,-84.48493589743596,1,35,kymeangreenllc@gmail.com,,Shane Green,https://www.facebook.com/MEANGREENLLCVB,,,"Saturday, May 2",,yes
setters-cincy,Setters Cincy,1,1,2023,2023-11-11,2023-11-11,Cincinnati,OH,39.17054084507042,-84.50452816901408,1,25,,,,,,,,,
ultra-instinct-volleyball,Ultra Instinct Volleyball,1,1,2023,2023-11-04,2023-11-04,Knoxville,TN,35.97165161290323,-83.96454838709677,1,40,,,,,,,,,yes
sabrina-fantoni,Sabrina Fantoni,1,1,2023,2023-10-28,2023-10-28,Nashville,TN,36.1664564102564,-86.78566153846147,1,40,,,,,,,,,
avl-hoppers-volleyball,AVL Hoppers Volleyball,1,1,2023,2023-10-21,2023-10-21,Asheville,NC,35.60043636363636,-82.54426363636364,1,35,,,,,,,,,
angry-dragons,Angry Dragons,1,7,2023,2023-04-13,2023-10-15,Atlanta,GA,33.810920202020185,-84.38051313131322,1,120,,,,,,,,,
riley-marshall,Riley Marshall,1,1,2023,2023-05-13,2023-05-13,Bowling Green,KY,36.960875,-86.42005,1,,,,,,,,,,
baxter-jacks,Baxter Jacks,1,2,2023,2023-04-29,2023-04-30,Louisville,KY,38.208448484848475,-85.69630606060609,1,,anne@tandemsport.com,,Anne,,,,,,yes
angry-dragon,Angry Dragon,1,11,2022,2022-04-15,2022-10-22,Atlanta,GA,33.810920202020185,-84.38051313131322,1,,,,,,,,,,
fudpuckers,Fudpuckers,1,2,2022,2022-04-27,2022-10-13,Destin,FL,30.394199999999998,-86.4825,1,,,,,,,,,,
grass-nationals,Grass Nationals,1,1,2022,2022-10-08,2022-10-08,Chattanooga,TN,35.04139000000001,-85.283515,1,,,,,,,,,,
g-vegas-volleyball,G-Vegas Volleyball,1,8,2022,2022-04-02,2022-10-02,Greenville,SC,34.85506470588235,-82.4125,1,,frank@gvegasvb.com,425-785-5075,Frank McCravy,https://www.gvegasvb.com/,,,,,yes
oktoberfest,Oktoberfest,1,1,2022,2022-10-01,2022-10-01,Beloit,WI,42.53515,-89.0589,1,,,,,,,,,,
players-beach-series-1,Players Beach Series #1,1,4,2022,2022-06-11,2022-09-24,Chicago,IL,41.854347674418634,-87.67521162790689,1,,,,,,,,,,
frienemies,Frienemies,1,3,2022,2022-05-29,2022-09-24,Charlotte,NC,35.22877027027028,-80.82374729729727,1,,,,,,,,,,
pafukas,Pafukas,1,10,2022,2022-06-10,2022-09-18,Augusta,GA,33.437900000000006,-82.05979333333332,1,,,,,,,,,,
greenville-open,Greenville Open,1,2,2022,2022-09-10,2022-09-11,Greenville,SC,34.85506470588235,-82.4125,1,,,,,,,,,,
luau-chicago,Luau Chicago,1,1,2022,2022-09-10,2022-09-10,Chicago,IL,41.854347674418634,-87.67521162790689,1,,,,,,,,,,
block-party,Block Party,1,1,2022,2022-08-27,2022-08-27,Milwaukee,WI,43.047180952380955,-87.95190000000001,1,,,,,,,,,,
players-grass-tourney,Players Grass Tourney,1,1,2022,2022-08-13,2022-08-13,Chicago,IL,41.854347674418634,-87.67521162790689,1,,,,,,,,,,
susquehanna-smash,Susquehanna Smash,1,2,2022,2022-08-06,2022-08-07,Manheim,PA,40.1702,-76.4168,1,,,,,,,,,,
back-to-school-duels,Back to School Duels,1,1,2022,2022-08-07,2022-08-07,Virgil Gibbons Heritage Park,UT,,,1,,,,,,,,,,
big-dig,Big Dig,1,1,2022,2022-08-06,2022-08-06,Chicago,IL,41.854347674418634,-87.67521162790689,1,,,,,,,,,,
the-crown,The Crown,1,4,2022,2022-07-29,2022-07-31,Columbia,SC,34.01606176470589,-81.00768529411766,1,,,,,,,,,,
niu-grass,NIU Grass,1,1,2022,2022-07-30,2022-07-30,Dekalb,IL,41.9008,-88.7548,1,,,,,,,,,,
beloit-fest,Beloit Fest,1,1,2022,2022-07-23,2022-07-23,Beloit,WI,42.53515,-89.0589,1,,,,,,,,,,
pisgah-classic,Pisgah Classic,1,2,2022,2022-07-16,2022-07-22,Brevard,NC,35.2208,-82.7404,1,,,,,,,,,,
brightside,Brightside,1,2,2022,2022-07-16,2022-07-17,Louisville,KY,38.208448484848475,-85.69630606060609,1,,,,,,,,,,
waupaca-boatride,Waupaca Boatride,1,1,2022,2022-07-07,2022-07-07,Waupaca,WI,44.3481,-89.1101,1,,,,,,,,,,yes
waupaca-warmup,Waupaca Warmup,1,1,2022,2022-07-02,2022-07-02,Chicago,IL,41.854347674418634,-87.67521162790689,1,,,,,,,,,,
triplefest,Triplefest,1,1,2022,2022-06-25,2022-06-25,Milwaukee,WI,43.047180952380955,-87.95190000000001,1,,,,,,,,,,
beach-slap,Beach Slap,1,1,2022,2022-06-18,2022-06-18,Chicago,IL,41.854347674418634,-87.67521162790689,1,,,,,,,,,,
spring-thaw,Spring Thaw,1,1,2022,2022-06-11,2022-06-11,Mt. Logan Park,UT,,,1,,,,,,,,,,
the-raiders-open,The Raiders Open,1,1,2022,2022-06-11,2022-06-11,Milwaukee,WI,43.047180952380955,-87.95190000000001,1,,,,,,,,,,
grasshopper-grass-tourney,Grasshopper Grass Tourney,1,1,2022,2022-06-04,2022-06-04,Chicago,IL,41.854347674418634,-87.67521162790689,1,,,,,,,,,,
orange-county-crown,Orange County Crown,1,1,2022,2022-06-04,2022-06-04,Huntington Beach,CA,33.69223333333334,-118.00084999999997,1,,,,,,,,,,
memorial-day-grass-tourney,Memorial Day Grass Tourney,1,1,2022,2022-05-28,2022-05-28,Beloit,WI,42.53515,-89.0589,1,,,,,,,,,,
big-z-at-turtle-tap,Big Z at Turtle Tap,1,2,2022,2022-05-21,2022-05-22,Beloit,WI,42.53515,-89.0589,1,,,,,,,,,,
pass-it-on,Pass it on,1,2,2022,2022-05-13,2022-05-14,Greenville,SC,34.85506470588235,-82.4125,1,,,,,,,,,,
spring-grass-luau,Spring Grass Luau,1,1,2022,2022-05-14,2022-05-14,Chicago,IL,41.854347674418634,-87.67521162790689,1,,,,,,,,,,
a-town,A-Town,1,2,2022,2022-05-07,2022-05-08,Anderson,SC,34.48193333333333,-82.70185,1,,,,,,,,,,
kcbva,KCBVA,1,1,2022,2022-05-07,2022-05-07,Kansas City,MO,39.11384533333336,-94.56699333333327,1,,,,,,,,,,yes
the-clash,The Clash,1,4,2022,2022-04-29,2022-05-01,Lexington,SC,33.939033333333334,-81.23573333333333,1,,,,,,,,,,
ssova-sand-key-volleyball,SSOVA Sand Key Volleyball,1,1,2022,2022-04-23,2022-04-23,Clearwater,FL,27.93972307692308,-82.73186923076922,1,,,,,,,,,,
duk-duk-daze,Duk Duk Daze,1,1,2022,2022-04-15,2022-04-15,,,,,0,,,,,,,,,,
inoor-turf,Inoor Turf,1,1,2022,2022-04-02,2022-04-02,West Dundee,IL,,,1,,,,,,,,,,
ultra-instinct,Ultra Instinct,1,1,2022,2022-03-12,2022-03-12,Knoxville,TN,35.97165161290323,-83.96454838709677,1,,,,,,,,,,
201-beach,201 Beach,0,0,,,,,,,,0,,,,,,,,,,yes
2legit-volleyball,2Legit Volleyball,0,0,,,,,,,,0,,,,,,,,,,yes
692-next,692 NEXT,0,0,,,,,,,,0,,,,,,,,,,yes
9man,9man,0,0,,,,,,,,0,,,,,http://www.9-man.com/,,,,,yes
all-angles-volleyball-training,All Angles Volleyball Training,0,0,,,,,,,,0,,,,,,,,,,yes
all-in-volleyball,All in Volleyball,0,0,,,,,,,,0,,,,,,,,,,yes
altitude-volleyball,Altitude Volleyball,0,0,,,,,,,,0,,,,,,,,,,yes
archway-sports,Archway Sports,0,0,,,,,,,,0,,info@archwaysports.com,,,https://www.facebook.com/ArchwaySports/,,,,,yes
atx-beach-austin,ATX Beach - Austin,0,0,,,,,,,,0,,info@atxbeach.com,,LJ Luciano,https://atxbeach.volleyballlife.com/events,,,,,yes
austin-junior-volleyball,Austin Junior Volleyball,0,0,,,,,,,,0,,,,,,,,,,yes
ava-beach-seattle,AVA Beach Seattle,0,0,,,,,,,,0,,,,,,,,,,yes
avp-grass-tour,AVP Grass Tour,0,0,,,,,,,,0,,,,,,,,,,yes
avp-juniors,AVP Juniors,0,0,,,,,,,,0,,,,,,,,,,yes
avp-next,AVP Next,0,0,,,,,,,,0,,,,,,,,,,yes
backyard-beach-volleyball,Backyard Beach Volleyball,0,0,,,,,,,,0,,,,,,,,,,yes
bak-volleyball,BAK Volleyball,0,0,,,,,,,,0,,,,,,,,,,yes
bayou-beach,Bayou Beach,0,0,,,,,,,,0,,,,,,,,,,yes
beach-elite,Beach Elite,0,0,,,,,,,,0,,,,,,,,,,yes
beach-south-volleyball,Beach South Volleyball,0,0,,,,,,,,0,,,,,,,,,,yes
bevolley,BeVolley,0,0,,,,,,,,0,,,,,,,,,,yes
birmingham-beach,Birmingham Beach,0,0,,,,,,,,0,,birminghambeach@gmail.com jtalaimo1010@gmail.com,205-478-5711,Joe,https://birminghambeach.com/,,,"Monday, April 27",,yes
black-rabbit-volleyball,Black Rabbit Volleyball,0,0,,,,,,,,0,,,,,,,,,,yes
block-party-sports,Block Party Sports,0,0,,,,,,,,0,,,,,,,,,,yes
blue-hen-volleyball-club,Blue Hen Volleyball Club,0,0,,,,,,,,0,,,,,,,,,,yes
blue-ridge-beach-volleyball,Blue RIdge Beach Volleyball,0,0,,,,,,,,0,,,,,,,,,,yes
blue-sky-volleyball,Blue Sky Volleyball,0,0,,,,,,,,0,,,,,,,,,,yes
bluefishbowl-volleyball-club,BlueFishBowl Volleyball Club,0,0,,,,,,,,0,,,,,,,,,,yes
bluegrass-blaze-volleyball,Bluegrass Blaze Volleyball,0,0,,,,,,,,0,,,,Fernando,,,,"Saturday, May 2",Yes,yes
boston-ski-sport-club,Boston Ski & Sport Club,0,0,,,,,,,,0,,,,,,,,,,yes
bravo-beach-volleyball,Bravo Beach Volleyball,0,0,,,,,,,,0,,,,,,,,,,yes
breeze-beach-volleyball,Breeze Beach Volleyball,0,0,,,,,,,,0,,,,,,,,,,yes
c2-attack-volleyball,C2 Attack Volleyball,0,0,,,,,,,,0,,,,,,,,,,yes
carolina-chaos-volleyball,Carolina CHAOS Volleyball,0,0,,,,,,,,0,,,,,,,,,,yes
castle-beach-volleyball,Castle Beach Volleyball,0,0,,,,,,,,0,,,,,,,,,,yes
cbva,CBVA,0,0,,,,,,,,0,,opvolleyball@verizon.net Director JParker Saikley jpsaikley@yahoo.com,310-435-9260,Danny Rubio,https://cbva.com/,,,"No, but sent an introduction",,yes
central-virginia-volleyball,Central Virginia Volleyball,0,0,,,,,,,,0,,,,,,,,,,yes
charlotte-beach,Charlotte Beach,0,0,,,,,,,,0,,,,,,,,,,yes
chicago-sand-volleyball,Chicago Sand Volleyball,0,0,,,,,,,,0,,,,,,,,,,yes
chill-by-the-beach,Chill by the Beach,0,0,,,,,,,,0,,,,,,,,,,yes
cin-city-volleyball-llc,Cin-City Volleyball LLC,0,0,,,,,,,,0,,play@cincityvolleyball.com,513-403-9232,,https://cincityvolleyball.com/,,yes,"Monday, April 27",,yes
coconut-beach-volleyball-association,Coconut Beach Volleyball Association,0,0,,,,,,,,0,,,,,,,,,,yes
colorado-springs-altitude,Colorado Springs Altitude,0,0,,,,,,,,0,,,,,,,,,,yes
court-kittens,Court Kittens,0,0,,,,,,,,0,,,,Kelsey James,,,,,,yes
ct-volley,CT Volley,0,0,,,,,,,,0,,,,,,,,,,yes
dakine-volleyball-club,Dakine Volleyball Club,0,0,,,,,,,,0,,,,,,,,,,yes
dig-the-beach,Dig The Beach,0,0,,,,,,,,0,,,,,,,,,,yes
east-beach-volleyball-academy,East Beach Volleyball Academy,0,0,,,,,,,,0,,,,,,,,,,yes
east-end-volleyball,East End Volleyball,0,0,,,,,,,,0,,,,,,,,,,yes
eastside-volleyball,Eastside Volleyball,0,0,,,,,,,,0,,,,,,,,,,yes
edge-performance-volleyball,Edge Performance Volleyball,0,0,,,,,,,,0,,,,,,,,,,yes
elite-beach-volleyball,Elite Beach Volleyball,0,0,,,,,,,,0,,,,,,,,,,yes
elite-vbtc,Elite VBTC,0,0,,,,,,,,0,,,,,,,,,,yes
emerald-city-juniors,Emerald City Juniors,0,0,,,,,,,,0,,,,,,,,,,yes
empowered-sports-club-pro-beach-juniors,Empowered Sports Club & Pro Beach Juniors,0,0,,,,,,,,0,,,,,,,,,,yes
fbvt,FBVT,0,0,,,,,,,,0,,,,,,,,,,yes
first-coast-volleyball-association,First Coast Volleyball Association,0,0,,,,,,,,0,,,,,,,,,,yes
florida-man-volleyball,Florida Man Volleyball,0,0,,,,,,,,0,,floridamanvolleyball@gmail.com,,,,,,,,yes
fulcrum-beach,Fulcrum Beach,0,0,,,,,,,,0,,,,,,,,,,yes
gainesville-volleyball,Gainesville Volleyball,0,0,,,,,,,,0,,,,,,,,,,yes
goat-ropers-volleyball,Goat Ropers Volleyball,0,0,,,,,,,,0,,loganchavens@gmail.com,314-527-9662,Logan Havens,https://www.facebook.com/profile.php?id=100093256089684,,,"Saturday, May 2",,yes
good-times-volley-hub,Good Times Volley Hub,0,0,,,,,,,,0,,,,,,,,,,yes
grit-volleyball,Grit Volleyball,0,0,,,,,,,,0,,,,,,,,,,yes
gulf-coast-volleyball-association,Gulf Coast Volleyball Association,0,0,,,,,,,,0,,,,,,,,,,yes
hammer-house-volleyball,Hammer House Volleyball,0,0,,,,,,,,0,,,,,,,,,,yes
hang-10-volleyball,Hang 10 Volleyball,0,0,,,,,,,,0,,,,,,,,,,yes
hard-cross,Hard-Cross,0,0,,,,,,,,0,,,,,,,,,,yes
haus-of-barbz,Haus of Barbz,0,0,,,,,,,,0,,,510-682-0551,Azariah Hill,https://www.facebook.com/groups/hausofbarbz/,,,"Saturday, May 2",,yes
high-performance-athletics,High Performance Athletics,0,0,,,,,,,,0,,,,,,,,,,yes
hmb-beach-volleyball,HMB Beach Volleyball,0,0,,,,,,,,0,,,,,,,,,,yes
https-www-facebook-com-pittsburghgrassvolleyball,https://www.facebook.com/PittsburghGrassVolleyball,0,0,,,,,,,,0,,,,,,,,,,yes
husky-volleyball-club,Husky Volleyball Club,0,0,,,,,,,,0,,,,,,,,,,yes
ibeach31-juniors,iBeach31 Juniors,0,0,,,,,,,,0,,,,,,,,,,yes
international-events,International Events,0,0,,,,,,,,0,,,,,,,,,,yes
international-volleyball-hall-of-fame,International Volleyball Hall of Fame,0,0,,,,,,,,0,,,,,,,,,,yes
island-beach-volleyball,Island Beach Volleyball,0,0,,,,,,,,0,,,,,,,,,,yes
jammer-volleyball,Jammer Volleyball,0,0,,,,,,,,0,,,,,,,,,,yes
jk-sports,JK Sports,0,0,,,,,,,,0,,,,,,,,,,yes
joey-s-beach-volleyball-academy,Joey's Beach Volleyball Academy,0,0,,,,,,,,0,,,,,,,,,,yes
joust-beach-volleyball,Joust Beach Volleyball,0,0,,,,,,,,0,,,,,,,,,,yes
juana-s-beach-volleyball,Juana's Beach Volleyball,0,0,,,,,,,,0,,,,,,,,,,yes
kai-beach-volleyball-club,Kai Beach Volleyball Club,0,0,,,,,,,,0,,,,,,,,,,yes
kc-adult-volleyball-sand-indoor-grass,"KC Adult Volleyball (Sand, Indoor & Grass)",0,0,,,,,,,,0,,,,Chase Dobbins,,,,,,yes
king-louie-s-beach,King Louie's Beach,0,0,,,,,,,,0,,klsportscomplex@yahoo.com,502-896-2037,Mike Mccaskill,,,,"Saturday, May 2",,yes
kokua-beach-volleyball-club,Kokua Beach Volleyball Club,0,0,,,,,,,,0,,,,,,,,,,yes
krush-volleyball,KRUSH Volleyball,0,0,,,,,,,,0,,,,Kayla Hyche,,,,,,yes
lakeside-beach-volleyball,Lakeside Beach Volleyball,0,0,,,,,,,,0,,,,,,,,,,yes
las-vegas-beach-volleyball,Las Vegas Beach Volleyball,0,0,,,,,,,,0,,,,,,,,,,yes
latitude-volleyball,Latitude Volleyball,0,0,,,,,,,,0,,,,,,,,,,yes
legacy-sports-complex,Legacy Sports Complex,0,0,,,,,,,,0,,,,,,,,,,yes
let-s-pepper,Let’s Pepper,0,0,,,,,,,,0,,,,Nino Chavez,,,,,,yes
los-gatos-volleyball-club,Los Gatos Volleyball Club,0,0,,,,,,,,0,,,,,,,,,,yes
louisiana-pro-beach-volleyball,Louisiana Pro Beach Volleyball,0,0,,,,,,,,0,,,,,,,,,,yes
mad-sand-volleyball,Mad Sand Volleyball,0,0,,,,,,,,0,,,,,,,,,,yes
mavericks-beach-volleyball,Mavericks Beach Volleyball,0,0,,,,,,,,0,,,,,,,,,,yes
mid-atlantic-volleyball,Mid-Atlantic Volleyball,0,0,,,,,,,,0,,,,,,,,,,yes
midwest-sand-volleyball,Midwest Sand Volleyball,0,0,,,,,,,,0,,,,,,,,,,yes
milwaukee-sting-beach-volleyball-club,Milwaukee Sting Beach Volleyball Club,0,0,,,,,,,,0,,,,,,,,,,yes
msoe-raiders,MSOE Raiders,0,0,,,,,,,,0,,reid@msoe.edu,,Coach Reid,,,,"Tuesday, April 28",,yes
mt-laurel-beach-volleyball-association,Mt. Laurel Beach Volleyball Association,0,0,,,,,,,,0,,,,,,,,,,yes
myrtle-beach-volleyball,Myrtle Beach Volleyball,0,0,,,,,,,,0,,,,,,,,,,yes
n-l-volleyball,N&L Volleyball,0,0,,,,,,,,0,,,,,,,,,,yes
new-england-beach-volleyball-association,New England Beach Volleyball Association,0,0,,,,,,,,0,,,,,,,,,,yes
new-hampshire-volleyball-club,New Hampshire Volleyball Club,0,0,,,,,,,,0,,,,,,,,,,yes
new-haven-volleyball,New Haven Volleyball,0,0,,,,,,,,0,,,,,,,,,,yes
newport-volleyball-club,Newport Volleyball Club,0,0,,,,,,,,0,,,,,,,,,,yes
nona-sports,Nona Sports,0,0,,,,,,,,0,,,,,,,,,,yes
north-folk-beach-volleyball,North Folk Beach Volleyball,0,0,,,,,,,,0,,,,,,,,,,yes
northwest-volleyball,Northwest Volleyball,0,0,,,,,,,,0,,,,,,,,,,yes
oasis-beach-volleyball,OASIS Beach Volleyball,0,0,,,,,,,,0,,,,,,,,,,yes
ocala-beach-volleyball,Ocala Beach Volleyball,0,0,,,,,,,,0,,,,,,,,,,yes
okc-sharks-beach-volleyball,OKC Sharks Beach Volleyball,0,0,,,,,,,,0,,,,,,,,,,yes
optimum-beach,Optimum Beach,0,0,,,,,,,,0,,,,,,,,,,yes
p4-13-beach-kc,P4: 13 Beach KC,0,0,,,,,,,,0,,,,,,,,,,yes
pafukas-volleyball,Pafukas Volleyball,0,0,,,,,,,,0,,,,,,,,,,yes
palm-coast-volleyball-academy,Palm Coast Volleyball Academy,0,0,,,,,,,,0,,,,,,,,,,yes
panama-jack-summer-slam,Panama Jack Summer Slam,0,0,,,,,,,,0,,,,,,,,,,yes
passing-time,Passing Time,0,0,,,,,,,,0,,,,,,,,,,yes
phil-dalhausser-beach-volleyball-academy,Phil Dalhausser Beach Volleyball Academy,0,0,,,,,,,,0,,,,,,,,,,yes
pittsburgh-grass-volleyball,Pittsburgh Grass Volleyball,0,0,,,,,,,,0,,,,,,,,,,yes
play-it-forward,Play It Forward,0,0,,,,,,,,0,,,,,,,,,,yes
pleasure-island-volleyball-club,Pleasure Island Volleyball Club,0,0,,,,,,,,0,,,,,,,,,,yes
portsports,Portsports,0,0,,,,,,,,0,,,,,,,,,,yes
project-beach-utah,Project Beach Utah,0,0,,,,,,,,0,,,,,,,,,,yes
qbk-sports,QBK Sports,0,0,,,,,,,,0,,,,,,,,,,yes
quandomania,Quandomania,0,0,,,,,,,,0,,,,,,,,,,yes
rally-volleyball,Rally Volleyball,0,0,,,,,,,,0,,,,,,,,,,yes
relentless-volleyball-tour,Relentless Volleyball Tour,0,0,,,,,,,,0,,,,,,,,,,yes
richmond-volleyball-club,Richmond Volleyball Club,0,0,,,,,,,,0,,,,,,,,,,yes
rise-beach-tour,Rise Beach Tour,0,0,,,,,,,,0,,,,,,,,,,yes
river-city-volleyball-academy,River City Volleyball Academy,0,0,,,,,,,,0,,,,,,,,,,yes
rockstar-volleyball,RockStar Volleyball,0,0,,,,,,,,0,,,,,,,,,,yes
rogue-pineapple,Rogue Pineapple,0,0,,,,,,,,0,,,,,https://www.facebook.com/RoguePineappleVolleyball/,,,,,yes
royale-beach-club,Royale Beach Club,0,0,,,,,,,,0,,,,,,,,,,yes
rva-grass-volleyball,RVA Grass Volleyball,0,0,,,,,,,,0,,,,,,,,,,yes
sammy-s-weekend-volleyball,Sammy's Weekend Volleyball,0,0,,,,,,,,0,,,,,,,,,,yes
sand-ohana,Sand Ohana,0,0,,,,,,,,0,,,,,,,,,,yes
sandbar-stl,Sandbar STL,0,0,,,,,,,,0,,SandbarSTL@gmail.com,,Katie and Rodney Stevenson,,,,,,yes
sandbox-volleyball,Sandbox Volleyball,0,0,,,,,,,,0,,,,,,,,,,yes
sandsharks-vbc,Sandsharks VBC,0,0,,,,,,,,0,,,,,,,,,,yes
sandstorm-beach-volleyball-club,Sandstorm Beach Volleyball Club,0,0,,,,,,,,0,,,,,,,,,,yes
sandyard-volleyball,Sandyard Volleyball,0,0,,,,,,,,0,,,,,,,,,,yes
setters-city,Setters City,0,0,,,,,,,,0,,,,,,,,,,yes
sf-beach-volleyball,SF Beach Volleyball,0,0,,,,,,,,0,,,,Ryan Ung,https://www.sfbeachvolleyball.com/,,,,,yes
shaka-beach-volleyball,Shaka Beach Volleyball,0,0,,,,,,,,0,,,,,,,,,,yes
shank-city-volleyball,Shank City Volleyball,0,0,,,,,,,,0,,,,,,,,,,yes
sideout-volleyball,Sideout Volleyball,0,0,,,,,,,,0,,,,,,,,,,yes
silver-creek-sports-social,Silver Creek Sports & Social,0,0,,,,,,,,0,,creekpartyemail@gmail.com,618)-416-6337,Alexis Chambers at 618-978-7516,,,,,,yes
sinjin-volleyball,Sinjin Volleyball,0,0,,,,,,,,0,,,,,,,,,,yes
smash-volleyball,Smash Volleyball,0,0,,,,,,,,0,,,,,,,,,,yes
soflo-volleyball-academy,SoFLO Volleyball Academy,0,0,,,,,,,,0,,,,,,,,,,yes
south-beach-volley,South Beach Volley,0,0,,,,,,,,0,,,,,,,,,,yes
south-county-juniors,South County Juniors,0,0,,,,,,,,0,,,,,,,,,,yes
southern-connecticut-volleyball,Southern Connecticut Volleyball,0,0,,,,,,,,0,,,,,,,,,,yes
southern-sand-volleyball,Southern Sand Volleyball,0,0,,,,,,,,0,,,,,,,,,,yes
southjamm-volleyball,SouthJamm Volleyball,0,0,,,,,,,,0,,,,,,,,,,yes
spike-and-serve,Spike and Serve,0,0,,,,,,,,0,,,,,,,,,,yes
spkd,SPKD,0,0,,,,,,,,0,,,,Jake Hannon,,,,,,yes
sports-edge-beach,Sports Edge Beach,0,0,,,,,,,,0,,,,,,,,,,yes
sportslink,Sportslink,0,0,,,,,,,,0,,,,,,,,,,yes
sr1-volleyball,SR1 Volleyball,0,0,,,,,,,,0,,,,,,,,,,yes
ssova-sunshine-state-outdoor-volleyball-association,SSOVA - Sunshine State Outdoor Volleyball Association,0,0,,,,,,,,0,,director@ssova.com,727-380-1168,Montana Rae Pelak,https://www.ssova.com/,https://www.facebook.com/ssovabeachvolleyball,,"Monday, April 27",,yes
stellar-volleyball,Stellar Volleyball,0,0,,,,,,,,0,,,,,,,,,,yes
stl-sandbar,STL Sandbar,0,0,,,,,,,,0,,,3145408655,Danielle,,,,,,yes
stratman-sports,Stratman Sports,0,0,,,,,,,,0,,,314-398-5495 314-288-8155,Tony Stratman - Executive Director & Volleyball Director Spencer Randall - Volleyball Director,,,,,,yes
sugar-sand-volleyball-tournaments,Sugar + Sand Volleyball Tournaments,0,0,,,,,,,,0,,sugarandsandkc@gmail.com,,,,,,,,yes
summer-sand-volleyball,Summer Sand Volleyball,0,0,,,,,,,,0,,,,,,,,,,yes
susquehanna-sports,Susquehanna Sports,0,0,,,,,,,,0,,,,,,,,,,yes
tag-beach-volleyball-club,TAG Beach Volleyball Club,0,0,,,,,,,,0,,,,,,,,,,yes
texas-beach-volleyball-association,Texas Beach Volleyball Association,0,0,,,,,,,,0,,,,,,,,,,yes
texas-tigers-juniors,Texas Tigers Juniors,0,0,,,,,,,,0,,,,,,,,,,yes
texas-volley-stars,Texas Volley Stars,0,0,,,,,,,,0,,,,,,,,,,yes
the-deep-vbc,The Deep VBC,0,0,,,,,,,,0,,,,,,,,,,yes
the-lab,The LAB,0,0,,,,,,,,0,,,,,,,,,,yes
the-sand-club-juniors,The Sand Club - Juniors,0,0,,,,,,,,0,,,,,,,,,,yes
the-sandbox,The Sandbox,0,0,,,,,,,,0,,,,,,,,,,yes
the-shady-sandbox,The Shady Sandbox,0,0,,,,,,,,0,,,,,,,,,,yes
there-is-pickup-volleyball-mondays-6-9-wednesday-6-9-sundays,"There is pickup volleyball Mondays 6-9 Wednesday 6-9 & Sundays Noon-4pm At St. Ann Community center 1 Community Center Dr, St Ann, MO 63074",0,0,,,,,,,,0,,,,,,,,,,yes
third-coast-volleyball,Third Coast Volleyball,0,0,,,,,,,,0,,,,,,,,,,yes
tidewater-volleyball-association,Tidewater Volleyball Association,0,0,,,,,,,,0,,,,,,,,,,yes
titan-performance,Titan Performance,0,0,,,,,,,,0,,,,,,,,,,yes
torch-beach-volleyball,Torch Beach Volleyball,0,0,,,,,,,,0,,,,,,,,,,yes
total-prime-sports,Total Prime Sports,0,0,,,,,,,,0,,prime618vbc@gmail.com,(618) 978-7516,Alexis Chambers,,,,,,yes
tournament-organization,Tournament/Organization,0,0,,,,,,,,0,,,,,,,,,,
treasure-lake-volleyball,Treasure Lake Volleyball,0,0,,,,,,,,0,,,,,,,,,,yes
umr-sports,UMR Sports,0,0,,,,,,,,0,,,,,,,,,,yes
v3-volleyball,V3 Volleyball,0,0,,,,,,,,0,,,,,,,,,,yes
valhalla-volley,Valhalla Volley,0,0,,,,,,,,0,,,,Tim Carlson,,,,"Saturday, May 2",,yes
vb-life,VB Life,0,0,,,,,,,,0,,,,,,,,,,yes
vcava-volleyball,VCAVA Volleyball,0,0,,,,,,,,0,,,,,,,,,,yes
vero-beach-volleyball,Vero Beach Volleyball,0,0,,,,,,,,0,,,,,,,,,,yes
volley-culture,Volley Culture,0,0,,,,,,,,0,,volleyculturevbc04@gmail.com,,Lance Agbayani,https://www.volleyculture.com/,,,"Tuesday, April 28",,yes
volley-iowa,Volley Iowa,0,0,,,,,,,,0,,,,,,,,,,yes
volleyball-365,Volleyball 365,0,0,,,,,,,,0,,,314-852-1981,Gary Shenberg,,,,,,yes
volleyball-beach-kansas-city,Volleyball Beach Kansas City,0,0,,,,,,,,0,,kcvbbevents@gmail.com,(816) 937-0100,,,,,,,yes
volleyball-paradise,Volleyball Paradise,0,0,,,,,,,,0,,,,Jenna Phillips,,,,,Yes,yes
volleyball-valley,Volleyball Valley,0,0,,,,,,,,0,,,,Laira & Brinks Brewster,,,,May 17,,yes
volleyiq,VolleyiQ,0,0,,,,,,,,0,,,,,,,,,,yes
volleyrx,VolleyRx,0,0,,,,,,,,0,,,,Payton Litney,,,,,,yes
vollis-beach,Vollis Beach,0,0,,,,,,,,0,,,,,,,,,,yes
voo-doo-beach,Voo Doo Beach,0,0,,,,,,,,0,,,,,,,,,,yes
votr-volleyball-of-the-rockies,VOTR - Volleyball of the Rockies,0,0,,,,,,,,0,,,,,,,,,,yes
westchester-volleyball-ny,Westchester Volleyball NY,0,0,,,,,,,,0,,,,,,,,,,yes
westerly-volleyball-association,Westerly Volleyball Association,0,0,,,,,,,,0,,,,,,,,,,yes
white-sands-volleyball-courts-seeger-s-sandbar,White Sands Volleyball Courts / Seeger’s Sandbar,0,0,,,,,,,,0,,seegerswhitesandsnola@gmail.com,(504) 666-0332,,,,,,,yes
will-power-volleyball,Will Power Volleyball,0,0,,,,,,,,0,,,,,,,,,,yes
wilmington-beach-volleyball,Wilmington Beach Volleyball,0,0,,,,,,,,0,,,,,,,,,,yes
wilmington-volleyball-series,Wilmington Volleyball Series,0,0,,,,,,,,0,,,,,,,,,,yes
wisconsin-ice-vbc,Wisconsin Ice VBC,0,0,,,,,,,,0,,,,,,,,,,yes
wootown-volleyball,Wootown Volleyball,0,0,,,,,,,,0,,,,,,,,,,yes
wyld-card-volleyball,Wyld Card Volleyball,0,0,,,,,,,,0,,,,,,,,,,yes
xoxo-volleyball,XOXO Volleyball,0,0,,,,,,,,0,,,,Sam Revilla,,,,,,yes
xsv-beach-volleyball,XSV Beach Volleyball,0,0,,,,,,,,0,,,,,,,,,,yes
